{ 
  "implemented": true,
  "nationalPokedexNumber": 493,
  "name": "Arceus",
  "primaryType": "normal",
  "maleRatio": -1,
  "height": 32,
  "weight": 3200,
  "pokedex": [
    "cobblemon.species.arceus.desc"
  ],
  "labels": [
    "gen4",
    "mythical"
  ],
  "aspects": [],
  "abilities": [
    "multitype",
    "h:multitype"
  ],
  "eggGroups": [
    "undiscovered"
  ],
  "baseStats": {
    "hp": 120,
    "attack": 120,
    "defence": 120,
    "special_attack": 120,
    "special_defence": 120,
    "speed": 120
  },
  "evYield": {
    "hp": 3,
    "attack": 0,
    "defence": 0,
    "special_attack": 0,
    "special_defence": 0,
    "speed": 0
  },
  "baseExperienceYield": 360,
  "experienceGroup": "slow",
  "catchRate": 3,
  "eggCycles": 120,
  "baseFriendship": 0,
  "behaviour": {
    "moving": {
      "canLook": true,
      "walk": {
        "walkSpeed": 1.5,
        "canWalk": true,
        "avoidsLand": false
      },
      "fly": {
        "canFly": true
      },
      "swim": {
        "avoidsWater": true
      },
      "combat": {
        "willDefendSelf": true,
        "willDefendOwner": true,
        "willFlee": false
      },
      "resting": {
        "drowsyChance": 0.0333,
        "rouseChance": 0.0042
      }
    }
  },
  "baseScale": 1,
  "hitbox": {
    "width": 4,
    "height": 5,
    "fixed": false
  },
  "moves": [
    "1:seismictoss",
    "1:cosmicpower",
    "1:naturalgift",
    "1:punishment",
    "1:refresh",
    "10:gravity",
    "20:earthpower",
    "30:hypervoice",
    "40:extremespeed",
    "50:healingwish",
    "60:futuresight",
    "70:recover",
    "80:hyperbeam",
    "90:perishsong",
    "100:judgment",
    "tm:acidspray",
    "tm:agility",
    "tm:airslash",
    "tm:ancientpower",
    "tm:aquatail",
    "tm:aurasphere",
    "tm:avalanche",
    "tm:blizzard",
    "tm:bodypress",
    "tm:bodyslam",
    "tm:brickbreak",
    "tm:brine",
    "tm:bugbuzz",
    "tm:bulkup",
    "tm:bulldoze",
    "tm:bulletseed",
    "tm:calmmind",
    "tm:chargebeam",
    "tm:chillingwater",
    "tm:confuseray",
    "tm:cosmicpower",
    "tm:cut",
    "tm:darkpulse",
    "tm:dazzlinggleam",
    "tm:defog",
    "tm:dive",
    "tm:doubleedge",
    "tm:dracometeor",
    "tm:dragonclaw",
    "tm:dragondance",
    "tm:dragonpulse",
    "tm:dragontail",
    "tm:dreameater",
    "tm:earthpower",
    "tm:earthquake",
    "tm:echoedvoice",
    "tm:electricterrain",
    "tm:endure",
    "tm:energyball",
    "tm:facade",
    "tm:fireblast",
    "tm:flamethrower",
    "tm:flareblitz",
    "tm:flash",
    "tm:flashcannon",
    "tm:fly",
    "tm:focusblast",
    "tm:foulplay",
    "tm:furycutter",
    "tm:futuresight",
    "tm:gigadrain",
    "tm:gigaimpact",
    "tm:grassknot",
    "tm:grassyterrain",
    "tm:gravity",
    "tm:gunkshot",
    "tm:hail",
    "tm:headbutt",
    "tm:heatwave",
    "tm:heavyslam",
    "tm:hex",
    "tm:honeclaws",
    "tm:hurricane",
    "tm:hydropump",
    "tm:hyperbeam",
    "tm:hypervoice",
    "tm:icebeam",
    "tm:icywind",
    "tm:imprison",
    "tm:incinerate",
    "tm:irondefense",
    "tm:ironhead",
    "tm:irontail",
    "tm:laserfocus",
    "tm:lastresort",
    "tm:lightscreen",
    "tm:liquidation",
    "tm:magicalleaf",
    "tm:magiccoat",
    "tm:meteorbeam",
    "tm:mistyterrain",
    "tm:naturalgift",
    "tm:ominouswind",
    "tm:outrage",
    "tm:overheat",
    "tm:payback",
    "tm:phantomforce",
    "tm:poisonjab",
    "tm:powergem",
    "tm:protect",
    "tm:psychic",
    "tm:psychicterrain",
    "tm:psychup",
    "tm:psyshock",
    "tm:quash",
    "tm:raindance",
    "tm:recycle",
    "tm:reflect",
    "tm:rest",
    "tm:retaliate",
    "tm:roar",
    "tm:rockclimb",
    "tm:rockslide",
    "tm:rocksmash",
    "tm:rocktomb",
    "tm:safeguard",
    "tm:sandstorm",
    "tm:scaryface",
    "tm:scorchingsands",
    "tm:shadowball",
    "tm:shadowclaw",
    "tm:shockwave",
    "tm:signalbeam",
    "tm:silverwind",
    "tm:sleeptalk",
    "tm:sludgebomb",
    "tm:snarl",
    "tm:solarbeam",
    "tm:stealthrock",
    "tm:steelbeam",
    "tm:stompingtantrum",
    "tm:stoneedge",
    "tm:storedpower",
    "tm:strength",
    "tm:substitute",
    "tm:sunnyday",
    "tm:supercellslam",
    "tm:surf",
    "tm:swift",
    "tm:swordsdance",
    "tm:tailwind",
    "tm:takedown",
    "tm:taunt",
    "tm:telekinesis",
    "tm:terablast",
    "tm:terrainpulse",
    "tm:thunder",
    "tm:thunderbolt",
    "tm:thunderwave",
    "tm:trailblaze",
    "tm:trick",
    "tm:trickroom",
    "tm:twister",
    "tm:waterfall",
    "tm:waterpulse",
    "tm:wildcharge",
    "tm:willowisp",
    "tm:workup",
    "tm:xscissor",
    "tm:zenheadbutt",
    "tutor:ancientpower",
    "tutor:aquatail",
    "tutor:blastburn",
    "tutor:bulkup",
    "tutor:bulldoze",
    "tutor:calmmind",
    "tutor:chargebeam",
    "tutor:darkpulse",
    "tutor:dazzlinggleam",
    "tutor:defog",
    "tutor:dive",
    "tutor:dracometeor",
    "tutor:dragonpulse",
    "tutor:earthpower",
    "tutor:energyball",
    "tutor:flamethrower",
    "tutor:flashcannon",
    "tutor:foulplay",
    "tutor:furycutter",
    "tutor:gigadrain",
    "tutor:gigaimpact",
    "tutor:gravity",
    "tutor:gunkshot",
    "tutor:heatwave",
    "tutor:hydrocannon",
    "tutor:hyperbeam",
    "tutor:hypervoice",
    "tutor:icebeam",
    "tutor:icywind",
    "tutor:irondefense",
    "tutor:ironhead",
    "tutor:irontail",
    "tutor:laserfocus",
    "tutor:lastresort",
    "tutor:liquidation",
    "tutor:magicalleaf",
    "tutor:magiccoat",
    "tutor:meteorbeam",
    "tutor:ominouswind",
    "tutor:outrage",
    "tutor:poisonjab",
    "tutor:psychic",
    "tutor:recycle",
    "tutor:rest",
    "tutor:rockslide",
    "tutor:rocksmash",
    "tutor:scorchingsands",
    "tutor:shadowball",
    "tutor:shadowclaw",
    "tutor:shockwave",
    "tutor:signalbeam",
    "tutor:sleeptalk",
    "tutor:sludgebomb",
    "tutor:snarl",
    "tutor:stealthrock",
    "tutor:steelbeam",
    "tutor:stompingtantrum",
    "tutor:stoneedge",
    "tutor:swift",
    "tutor:tailwind",
    "tutor:telekinesis",
    "tutor:terrainpulse",
    "tutor:thunderbolt",
    "tutor:trick",
    "tutor:twister",
    "tutor:waterpulse",
    "tutor:wildcharge",
    "tutor:xscissor",
    "tutor:zenheadbutt",
    "legacy:aerialace",
    "legacy:confide",
    "legacy:doubleteam",
    "legacy:frustration",
    "legacy:hiddenpower",
    "legacy:mudslap",
    "legacy:return",
    "legacy:round",
    "legacy:secretpower",
    "legacy:snore",
    "legacy:swagger",
    "legacy:toxic",
    "legacy:whirlpool",
    "special:blastburn",
    "special:hydrocannon",
    "special:roaroftime",
    "special:shadowforce",
    "special:spacialrend"
  ],
  "evolutions": [
	{
      "id": "arceus_dark",
      "variant": "item_interact",
      "result": "arceus multitype=dark",
      "consumeHeldItem": false,
      "learnableMoves": [],
      "requirements": [],
      "requiredContext": "cobblemon:dark_gem"
    },
    {
	  "id": "arceus_fire",
	  "variant": "item_interact",
	  "result": "arceus multitype=fire",
	  "consumeHeldItem": false,
	  "learnableMoves": [],
	  "requirements": [],
	  "requiredContext": "cobblemon:fire_gem"
	},
	{
	  "id": "arceus_water",
	  "variant": "item_interact",
	  "result": "arceus multitype=water",
	  "consumeHeldItem": false,
	  "learnableMoves": [],
	  "requirements": [],
	  "requiredContext": "cobblemon:water_gem"
	},
	{
	  "id": "arceus_grass",
	  "variant": "item_interact",
	  "result": "arceus multitype=grass",
	  "consumeHeldItem": false,
	  "learnableMoves": [],
	  "requirements": [],
	  "requiredContext": "cobblemon:grass_gem"
	},
	{
      "id": "arceus_electric",
      "variant": "item_interact",
      "result": "arceus multitype=electric",
      "consumeHeldItem": false,
      "learnableMoves": [],
      "requirements": [],
      "requiredContext": "cobblemon:electric_gem"
	},
	{
      "id": "arceus_ice",
      "variant": "item_interact",
      "result": "arceus multitype=ice",
      "consumeHeldItem": false,
      "learnableMoves": [],
      "requirements": [],
      "requiredContext": "cobblemon:ice_gem"
	},
	{
      "id": "arceus_fighting",
      "variant": "item_interact",
      "result": "arceus multitype=fighting",
      "consumeHeldItem": false,
      "learnableMoves": [],
      "requirements": [],
      "requiredContext": "cobblemon:fighting_gem"
	},  
	{
      "id": "arceus_fairy",
      "variant": "item_interact",
      "result": "arceus multitype=fairy",
      "consumeHeldItem": false,
      "learnableMoves": [],
      "requirements": [],
      "requiredContext": "cobblemon:fairy_gem"
	},
	{
      "id": "arceus_poison",
      "variant": "item_interact",
      "result": "arceus multitype=poison",
      "consumeHeldItem": false,
      "learnableMoves": [],
      "requirements": [],
      "requiredContext": "cobblemon:poison_gem"
	},
	{
      "id": "arceus_ground",
      "variant": "item_interact",
      "result": "arceus multitype=ground",
      "consumeHeldItem": false,
      "learnableMoves": [],
      "requirements": [],
      "requiredContext": "cobblemon:ground_gem"
	},
	{
      "id": "arceus_flying",
      "variant": "item_interact",
      "result": "arceus multitype=flying",
      "consumeHeldItem": false,
      "learnableMoves": [],
      "requirements": [],
      "requiredContext": "cobblemon:flying_gem"
	},
	{
      "id": "arceus_psychic",
      "variant": "item_interact",
      "result": "arceus multitype=psychic",
      "consumeHeldItem": false,
      "learnableMoves": [],
      "requirements": [],
      "requiredContext": "cobblemon:psychic_gem"
	},
	{
      "id": "arceus_bug",
      "variant": "item_interact",
      "result": "arceus multitype=bug",
      "consumeHeldItem": false,
      "learnableMoves": [],
      "requirements": [],
      "requiredContext": "cobblemon:bug_gem"
	},
	{
      "id": "arceus_rock",
      "variant": "item_interact",
      "result": "arceus multitype=rock",
      "consumeHeldItem": false,
      "learnableMoves": [],
      "requirements": [],
      "requiredContext": "cobblemon:rock_gem"
	},
	{
      "id": "arceus_ghost",
      "variant": "item_interact",
      "result": "arceus multitype=ghost",
      "consumeHeldItem": false,
      "learnableMoves": [],
      "requirements": [],
      "requiredContext": "cobblemon:ghost_gem"
	},
	{
      "id": "arceus_dragon",
      "variant": "item_interact",
      "result": "arceus multitype=dragon",
      "consumeHeldItem": false,
      "learnableMoves": [],
      "requirements": [],
      "requiredContext": "cobblemon:dragon_gem"
	},
	{
      "id": "arceus_steel",
      "variant": "item_interact",
      "result": "arceus multitype=steel",
      "consumeHeldItem": false,
      "learnableMoves": [],
      "requirements": [],
      "requiredContext": "cobblemon:steel_gem"
	}
  ],
  "forms": [
    {
      "name": "Fighting",
      "primaryType": "fighting",
      "maleRatio": -1,
      "height": 32,
      "weight": 3200,
      "pokedex": [
        "cobblemon.species.arceus-fighting.desc"
      ],
      "labels": [
        "gen4",
        "mythical"
      ],
      "aspects": [
        "fighting-plate"
      ],
      "evolutions": [
        {
          "id": "arceus_normal",
          "variant": "item_interact",
          "result": "arceus multitype=normal",
          "consumeHeldItem": false,
          "learnableMoves": [],
          "requirements": [],
          "requiredContext": "cobblemon:normal_gem"
        },
        {
          "id": "arceus_dark",
          "variant": "item_interact",
          "result": "arceus multitype=dark",
          "consumeHeldItem": false,
          "learnableMoves": [],
          "requirements": [],
          "requiredContext": "cobblemon:dark_gem"
        },
        {
	        "id": "arceus_fire",
	        "variant": "item_interact",
	        "result": "arceus multitype=fire",
	        "consumeHeldItem": false,
	        "learnableMoves": [],
	        "requirements": [],
	        "requiredContext": "cobblemon:fire_gem"
	      },
	      {
	        "id": "arceus_water",
	        "variant": "item_interact",
	        "result": "arceus multitype=water",
	        "consumeHeldItem": false,
	        "learnableMoves": [],
	        "requirements": [],
	        "requiredContext": "cobblemon:water_gem"
	      },
	      {
	        "id": "arceus_grass",
	        "variant": "item_interact",
	        "result": "arceus multitype=grass",
	        "consumeHeldItem": false,
	        "learnableMoves": [],
	        "requirements": [],
	        "requiredContext": "cobblemon:grass_gem"
	      },
	      {
          "id": "arceus_electric",
          "variant": "item_interact",
          "result": "arceus multitype=electric",
          "consumeHeldItem": false,
          "learnableMoves": [],
          "requirements": [],
	        "requiredContext": "cobblemon:electric_gem"
	      },
	      {
          "id": "arceus_ice",
          "variant": "item_interact",
          "result": "arceus multitype=ice",
          "consumeHeldItem": false,
          "learnableMoves": [],
          "requirements": [],
	        "requiredContext": "cobblemon:ice_gem"
	      },
	      {
          "id": "arceus_fairy",
          "variant": "item_interact",
          "result": "arceus multitype=fairy",
          "consumeHeldItem": false,
          "learnableMoves": [],
          "requirements": [],
	        "requiredContext": "cobblemon:fairy_gem"
	      },
	      {
          "id": "arceus_poison",
          "variant": "item_interact",
          "result": "arceus multitype=poison",
          "consumeHeldItem": false,
          "learnableMoves": [],
          "requirements": [],
	        "requiredContext": "cobblemon:poison_gem"
	      },
	      {
          "id": "arceus_ground",
          "variant": "item_interact",
          "result": "arceus multitype=ground",
          "consumeHeldItem": false,
          "learnableMoves": [],
          "requirements": [],
	        "requiredContext": "cobblemon:ground_gem"
	      },
	      {
          "id": "arceus_flying",
          "variant": "item_interact",
          "result": "arceus multitype=flying",
          "consumeHeldItem": false,
          "learnableMoves": [],
          "requirements": [],
	        "requiredContext": "cobblemon:flying_gem"
	      },
	      {
          "id": "arceus_psychic",
          "variant": "item_interact",
          "result": "arceus multitype=psychic",
          "consumeHeldItem": false,
          "learnableMoves": [],
          "requirements": [],
	        "requiredContext": "cobblemon:psychic_gem"
	      },
	      {
          "id": "arceus_bug",
          "variant": "item_interact",
          "result": "arceus multitype=bug",
          "consumeHeldItem": false,
          "learnableMoves": [],
          "requirements": [],
	        "requiredContext": "cobblemon:bug_gem"
	      },
	      {
          "id": "arceus_rock",
          "variant": "item_interact",
          "result": "arceus multitype=rock",
          "consumeHeldItem": false,
          "learnableMoves": [],
          "requirements": [],
	        "requiredContext": "cobblemon:rock_gem"
	      },
	      {
          "id": "arceus_ghost",
          "variant": "item_interact",
          "result": "arceus multitype=ghost",
          "consumeHeldItem": false,
          "learnableMoves": [],
          "requirements": [],
	        "requiredContext": "cobblemon:ghost_gem"
	      },
	      {
          "id": "arceus_dragon",
          "variant": "item_interact",
          "result": "arceus multitype=dragon",
          "consumeHeldItem": false,
          "learnableMoves": [],
          "requirements": [],
	        "requiredContext": "cobblemon:dragon_gem"
	      },
	      {
          "id": "arceus_steel",
          "variant": "item_interact",
          "result": "arceus multitype=steel",
          "consumeHeldItem": false,
          "learnableMoves": [],
          "requirements": [],
	        "requiredContext": "cobblemon:steel_gem"
	      }
      ],
      "battleOnly": false
    },
    {
      "name": "Flying",
      "primaryType": "flying",
      "maleRatio": -1,
      "height": 32,
      "weight": 3200,
      "pokedex": [
        "cobblemon.species.arceus-flying.desc"
      ],
      "labels": [
        "gen4",
        "mythical"
      ],
      "aspects": [
        "flying-plate"
      ],
 "evolutions": [
    {
      "id": "arceus_normal",
      "variant": "item_interact",
      "result": "arceus multitype=normal",
      "consumeHeldItem": false,
      "learnableMoves": [],
      "requirements": [],
	  "requiredContext": "cobblemon:normal_gem"
    },
	{
      "id": "arceus_dark",
      "variant": "item_interact",
      "result": "arceus multitype=dark",
      "consumeHeldItem": false,
      "learnableMoves": [],
      "requirements": [],
	  "requiredContext": "cobblemon:dark_gem"
    },
    {
	  "id": "arceus_fire",
	  "variant": "item_interact",
	  "result": "arceus multitype=fire",
	  "consumeHeldItem": false,
	  "learnableMoves": [],
	  "requirements": [],
	  "requiredContext": "cobblemon:fire_gem"
	},
	{
	  "id": "arceus_water",
	  "variant": "item_interact",
	  "result": "arceus multitype=water",
	  "consumeHeldItem": false,
	  "learnableMoves": [],
	  "requirements": [],
	  "requiredContext": "cobblemon:water_gem"
	},
	{
	  "id": "arceus_grass",
	  "variant": "item_interact",
	  "result": "arceus multitype=grass",
	  "consumeHeldItem": false,
	  "learnableMoves": [],
	  "requirements": [],
	  "requiredContext": "cobblemon:grass_gem"
	},
	{
      "id": "arceus_electric",
      "variant": "item_interact",
      "result": "arceus multitype=electric",
      "consumeHeldItem": false,
      "learnableMoves": [],
      "requirements": [],
	  "requiredContext": "cobblemon:electric_gem"
	},
	{
      "id": "arceus_ice",
      "variant": "item_interact",
      "result": "arceus multitype=ice",
      "consumeHeldItem": false,
      "learnableMoves": [],
      "requirements": [],
	  "requiredContext": "cobblemon:ice_gem"
	},
	{
      "id": "arceus_fighting",
      "variant": "item_interact",
      "result": "arceus multitype=fighting",
      "consumeHeldItem": false,
      "learnableMoves": [],
      "requirements": [],
	  "requiredContext": "cobblemon:fighting_gem"
	},  
	{
      "id": "arceus_fairy",
      "variant": "item_interact",
      "result": "arceus multitype=fairy",
      "consumeHeldItem": false,
      "learnableMoves": [],
      "requirements": [],
	  "requiredContext": "cobblemon:fairy_gem"
	},
	{
      "id": "arceus_poison",
      "variant": "item_interact",
      "result": "arceus multitype=poison",
      "consumeHeldItem": false,
      "learnableMoves": [],
      "requirements": [],
	  "requiredContext": "cobblemon:poison_gem"
	},
	{
      "id": "arceus_ground",
      "variant": "item_interact",
      "result": "arceus multitype=ground",
      "consumeHeldItem": false,
      "learnableMoves": [],
      "requirements": [],
	  "requiredContext": "cobblemon:ground_gem"
	},
	{
      "id": "arceus_psychic",
      "variant": "item_interact",
      "result": "arceus multitype=psychic",
      "consumeHeldItem": false,
      "learnableMoves": [],
      "requirements": [],
	  "requiredContext": "cobblemon:psychic_gem"
	},
	{
      "id": "arceus_bug",
      "variant": "item_interact",
      "result": "arceus multitype=bug",
      "consumeHeldItem": false,
      "learnableMoves": [],
      "requirements": [],
	  "requiredContext": "cobblemon:bug_gem"
	},
	{
      "id": "arceus_rock",
      "variant": "item_interact",
      "result": "arceus multitype=rock",
      "consumeHeldItem": false,
      "learnableMoves": [],
      "requirements": [],
	  "requiredContext": "cobblemon:rock_gem"
	},
	{
      "id": "arceus_ghost",
      "variant": "item_interact",
      "result": "arceus multitype=ghost",
      "consumeHeldItem": false,
      "learnableMoves": [],
      "requirements": [],
	  "requiredContext": "cobblemon:ghost_gem"
	},
	{
      "id": "arceus_dragon",
      "variant": "item_interact",
      "result": "arceus multitype=dragon",
      "consumeHeldItem": false,
      "learnableMoves": [],
      "requirements": [],
	  "requiredContext": "cobblemon:dragon_gem"
	},
	{
      "id": "arceus_steel",
      "variant": "item_interact",
      "result": "arceus multitype=steel",
      "consumeHeldItem": false,
      "learnableMoves": [],
      "requirements": [],
	  "requiredContext": "cobblemon:steel_gem"
	}
      ],
      "battleOnly": false
    },
    {
      "name": "Poison",
      "primaryType": "poison",
      "maleRatio": -1,
      "height": 32,
      "weight": 3200,
      "pokedex": [
        "cobblemon.species.arceus-poison.desc"
      ],
      "labels": [
        "gen4",
        "mythical"
      ],
      "aspects": [
        "poison-plate"
      ],
      "evolutions": [
      {
      "id": "arceus_normal",
      "variant": "item_interact",
      "result": "arceus multitype=normal",
      "consumeHeldItem": false,
      "learnableMoves": [],
      "requirements": [],
	  "requiredContext": "cobblemon:normal_gem"
    },
	{
      "id": "arceus_dark",
      "variant": "item_interact",
      "result": "arceus multitype=dark",
      "consumeHeldItem": false,
      "learnableMoves": [],
      "requirements": [],
	  "requiredContext": "cobblemon:dark_gem"
    },
    {
	  "id": "arceus_fire",
	  "variant": "item_interact",
	  "result": "arceus multitype=fire",
	  "consumeHeldItem": false,
	  "learnableMoves": [],
	  "requirements": [],
	  "requiredContext": "cobblemon:fire_gem"
	},
	{
	  "id": "arceus_water",
	  "variant": "item_interact",
	  "result": "arceus multitype=water",
	  "consumeHeldItem": false,
	  "learnableMoves": [],
	  "requirements": [],
	  "requiredContext": "cobblemon:water_gem"
	},
	{
	  "id": "arceus_grass",
	  "variant": "item_interact",
	  "result": "arceus multitype=grass",
	  "consumeHeldItem": false,
	  "learnableMoves": [],
	  "requirements": [],
	  "requiredContext": "cobblemon:grass_gem"
	},
	{
      "id": "arceus_electric",
      "variant": "item_interact",
      "result": "arceus multitype=electric",
      "consumeHeldItem": false,
      "learnableMoves": [],
      "requirements": [],
	  "requiredContext": "cobblemon:electric_gem"
	},
	{
      "id": "arceus_ice",
      "variant": "item_interact",
      "result": "arceus multitype=ice",
      "consumeHeldItem": false,
      "learnableMoves": [],
      "requirements": [],
	  "requiredContext": "cobblemon:ice_gem"
	},
	{
      "id": "arceus_fighting",
      "variant": "item_interact",
      "result": "arceus multitype=fighting",
      "consumeHeldItem": false,
      "learnableMoves": [],
      "requirements": [],
	  "requiredContext": "cobblemon:fighting_gem"
	},  
	{
      "id": "arceus_fairy",
      "variant": "item_interact",
      "result": "arceus multitype=fairy",
      "consumeHeldItem": false,
      "learnableMoves": [],
      "requirements": [],
	  "requiredContext": "cobblemon:fairy_gem"
	},
	{
      "id": "arceus_ground",
      "variant": "item_interact",
      "result": "arceus multitype=ground",
      "consumeHeldItem": false,
      "learnableMoves": [],
      "requirements": [],
	  "requiredContext": "cobblemon:ground_gem"
	},
	{
      "id": "arceus_flying",
      "variant": "item_interact",
      "result": "arceus multitype=flying",
      "consumeHeldItem": false,
      "learnableMoves": [],
      "requirements": [],
	  "requiredContext": "cobblemon:flying_gem"
	},
	{
      "id": "arceus_psychic",
      "variant": "item_interact",
      "result": "arceus multitype=psychic",
      "consumeHeldItem": false,
      "learnableMoves": [],
      "requirements": [],
	  "requiredContext": "cobblemon:psychic_gem"
	},
	{
      "id": "arceus_bug",
      "variant": "item_interact",
      "result": "arceus multitype=bug",
      "consumeHeldItem": false,
      "learnableMoves": [],
      "requirements": [],
	  "requiredContext": "cobblemon:bug_gem"
	},
	{
      "id": "arceus_rock",
      "variant": "item_interact",
      "result": "arceus multitype=rock",
      "consumeHeldItem": false,
      "learnableMoves": [],
      "requirements": [],
	  "requiredContext": "cobblemon:rock_gem"
	},
	{
      "id": "arceus_ghost",
      "variant": "item_interact",
      "result": "arceus multitype=ghost",
      "consumeHeldItem": false,
      "learnableMoves": [],
      "requirements": [],
	  "requiredContext": "cobblemon:ghost_gem"
	},
	{
      "id": "arceus_dragon",
      "variant": "item_interact",
      "result": "arceus multitype=dragon",
      "consumeHeldItem": false,
      "learnableMoves": [],
      "requirements": [],
	  "requiredContext": "cobblemon:dragon_gem"
	},
	{
      "id": "arceus_steel",
      "variant": "item_interact",
      "result": "arceus multitype=steel",
      "consumeHeldItem": false,
      "learnableMoves": [],
      "requirements": [],
	  "requiredContext": "cobblemon:steel_gem"
	}
      ],
      "battleOnly": false
    },
    {
      "name": "Ground",
      "primaryType": "ground",
      "maleRatio": -1,
      "height": 32,
      "weight": 3200,
      "pokedex": [
        "cobblemon.species.arceus-ground.desc"
      ],
      "labels": [
        "gen4",
        "mythical"
      ],
      "aspects": [
        "ground-plate"
      ],
 "evolutions": [
            {
      "id": "arceus_normal",
      "variant": "item_interact",
      "result": "arceus multitype=normal",
      "consumeHeldItem": false,
      "learnableMoves": [],
      "requirements": [],
	  "requiredContext": "cobblemon:normal_gem"
    },
	{
      "id": "arceus_dark",
      "variant": "item_interact",
      "result": "arceus multitype=dark",
      "consumeHeldItem": false,
      "learnableMoves": [],
      "requirements": [],
	  "requiredContext": "cobblemon:dark_gem"
    },
    {
	  "id": "arceus_fire",
	  "variant": "item_interact",
	  "result": "arceus multitype=fire",
	  "consumeHeldItem": false,
	  "learnableMoves": [],
	  "requirements": [],
	  "requiredContext": "cobblemon:fire_gem"
	},
	{
	  "id": "arceus_water",
	  "variant": "item_interact",
	  "result": "arceus multitype=water",
	  "consumeHeldItem": false,
	  "learnableMoves": [],
	  "requirements": [],
	  "requiredContext": "cobblemon:water_gem"
	},
	{
	  "id": "arceus_grass",
	  "variant": "item_interact",
	  "result": "arceus multitype=grass",
	  "consumeHeldItem": false,
	  "learnableMoves": [],
	  "requirements": [],
	  "requiredContext": "cobblemon:grass_gem"
	},
	{
      "id": "arceus_electric",
      "variant": "item_interact",
      "result": "arceus multitype=electric",
      "consumeHeldItem": false,
      "learnableMoves": [],
      "requirements": [],
	  "requiredContext": "cobblemon:electric_gem"
	},
	{
      "id": "arceus_ice",
      "variant": "item_interact",
      "result": "arceus multitype=ice",
      "consumeHeldItem": false,
      "learnableMoves": [],
      "requirements": [],
	  "requiredContext": "cobblemon:ice_gem"
	},
	{
      "id": "arceus_fighting",
      "variant": "item_interact",
      "result": "arceus multitype=fighting",
      "consumeHeldItem": false,
      "learnableMoves": [],
      "requirements": [],
	  "requiredContext": "cobblemon:fighting_gem"
	},  
	{
      "id": "arceus_fairy",
      "variant": "item_interact",
      "result": "arceus multitype=fairy",
      "consumeHeldItem": false,
      "learnableMoves": [],
      "requirements": [],
	  "requiredContext": "cobblemon:fairy_gem"
	},
	{
      "id": "arceus_poison",
      "variant": "item_interact",
      "result": "arceus multitype=poison",
      "consumeHeldItem": false,
      "learnableMoves": [],
      "requirements": [],
	  "requiredContext": "cobblemon:poison_gem"
	},
	{
      "id": "arceus_flying",
      "variant": "item_interact",
      "result": "arceus multitype=flying",
      "consumeHeldItem": false,
      "learnableMoves": [],
      "requirements": [],
	  "requiredContext": "cobblemon:flying_gem"
	},
	{
      "id": "arceus_psychic",
      "variant": "item_interact",
      "result": "arceus multitype=psychic",
      "consumeHeldItem": false,
      "learnableMoves": [],
      "requirements": [],
	  "requiredContext": "cobblemon:psychic_gem"
	},
	{
      "id": "arceus_bug",
      "variant": "item_interact",
      "result": "arceus multitype=bug",
      "consumeHeldItem": false,
      "learnableMoves": [],
      "requirements": [],
	  "requiredContext": "cobblemon:bug_gem"
	},
	{
      "id": "arceus_rock",
      "variant": "item_interact",
      "result": "arceus multitype=rock",
      "consumeHeldItem": false,
      "learnableMoves": [],
      "requirements": [],
	  "requiredContext": "cobblemon:rock_gem"
	},
	{
      "id": "arceus_ghost",
      "variant": "item_interact",
      "result": "arceus multitype=ghost",
      "consumeHeldItem": false,
      "learnableMoves": [],
      "requirements": [],
	  "requiredContext": "cobblemon:ghost_gem"
	},
	{
      "id": "arceus_dragon",
      "variant": "item_interact",
      "result": "arceus multitype=dragon",
      "consumeHeldItem": false,
      "learnableMoves": [],
      "requirements": [],
	  "requiredContext": "cobblemon:dragon_gem"
	},
	{
      "id": "arceus_steel",
      "variant": "item_interact",
      "result": "arceus multitype=steel",
      "consumeHeldItem": false,
      "learnableMoves": [],
      "requirements": [],
	  "requiredContext": "cobblemon:steel_gem"
	}
      ],
      "battleOnly": false
    },
    {
      "name": "Rock",
      "primaryType": "rock",
      "maleRatio": -1,
      "height": 32,
      "weight": 3200,
      "pokedex": [
        "cobblemon.species.arceus-rock.desc"
      ],
      "labels": [
        "gen4",
        "mythical"
      ],
      "aspects": [
        "rock-plate"
      ],
 "evolutions": [
            {
      "id": "arceus_normal",
      "variant": "item_interact",
      "result": "arceus multitype=normal",
      "consumeHeldItem": false,
      "learnableMoves": [],
      "requirements": [],
	  "requiredContext": "cobblemon:normal_gem"
    },
	{
      "id": "arceus_dark",
      "variant": "item_interact",
      "result": "arceus multitype=dark",
      "consumeHeldItem": false,
      "learnableMoves": [],
      "requirements": [],
	  "requiredContext": "cobblemon:dark_gem"
    },
    {
	  "id": "arceus_fire",
	  "variant": "item_interact",
	  "result": "arceus multitype=fire",
	  "consumeHeldItem": false,
	  "learnableMoves": [],
	  "requirements": [],
	  "requiredContext": "cobblemon:fire_gem"
	},
	{
	  "id": "arceus_water",
	  "variant": "item_interact",
	  "result": "arceus multitype=water",
	  "consumeHeldItem": false,
	  "learnableMoves": [],
	  "requirements": [],
	  "requiredContext": "cobblemon:water_gem"
	},
	{
	  "id": "arceus_grass",
	  "variant": "item_interact",
	  "result": "arceus multitype=grass",
	  "consumeHeldItem": false,
	  "learnableMoves": [],
	  "requirements": [],
	  "requiredContext": "cobblemon:grass_gem"
	},
	{
      "id": "arceus_electric",
      "variant": "item_interact",
      "result": "arceus multitype=electric",
      "consumeHeldItem": false,
      "learnableMoves": [],
      "requirements": [],
	  "requiredContext": "cobblemon:electric_gem"
	},
	{
      "id": "arceus_ice",
      "variant": "item_interact",
      "result": "arceus multitype=ice",
      "consumeHeldItem": false,
      "learnableMoves": [],
      "requirements": [],
	  "requiredContext": "cobblemon:ice_gem"
	},
	{
      "id": "arceus_fighting",
      "variant": "item_interact",
      "result": "arceus multitype=fighting",
      "consumeHeldItem": false,
      "learnableMoves": [],
      "requirements": [],
	  "requiredContext": "cobblemon:fighting_gem"
	},  
	{
      "id": "arceus_fairy",
      "variant": "item_interact",
      "result": "arceus multitype=fairy",
      "consumeHeldItem": false,
      "learnableMoves": [],
      "requirements": [],
	  "requiredContext": "cobblemon:fairy_gem"
	},
	{
      "id": "arceus_poison",
      "variant": "item_interact",
      "result": "arceus multitype=poison",
      "consumeHeldItem": false,
      "learnableMoves": [],
      "requirements": [],
	  "requiredContext": "cobblemon:poison_gem"
	},
	{
      "id": "arceus_ground",
      "variant": "item_interact",
      "result": "arceus multitype=ground",
      "consumeHeldItem": false,
      "learnableMoves": [],
      "requirements": [],
	  "requiredContext": "cobblemon:ground_gem"
	},
	{
      "id": "arceus_flying",
      "variant": "item_interact",
      "result": "arceus multitype=flying",
      "consumeHeldItem": false,
      "learnableMoves": [],
      "requirements": [],
	  "requiredContext": "cobblemon:flying_gem"
	},
	{
      "id": "arceus_psychic",
      "variant": "item_interact",
      "result": "arceus multitype=psychic",
      "consumeHeldItem": false,
      "learnableMoves": [],
      "requirements": [],
	  "requiredContext": "cobblemon:psychic_gem"
	},
	{
      "id": "arceus_bug",
      "variant": "item_interact",
      "result": "arceus multitype=bug",
      "consumeHeldItem": false,
      "learnableMoves": [],
      "requirements": [],
	  "requiredContext": "cobblemon:bug_gem"
	},
	{
      "id": "arceus_ghost",
      "variant": "item_interact",
      "result": "arceus multitype=ghost",
      "consumeHeldItem": false,
      "learnableMoves": [],
      "requirements": [],
	  "requiredContext": "cobblemon:ghost_gem"
	},
	{
      "id": "arceus_dragon",
      "variant": "item_interact",
      "result": "arceus multitype=dragon",
      "consumeHeldItem": false,
      "learnableMoves": [],
      "requirements": [],
	  "requiredContext": "cobblemon:dragon_gem"
	},
	{
      "id": "arceus_steel",
      "variant": "item_interact",
      "result": "arceus multitype=steel",
      "consumeHeldItem": false,
      "learnableMoves": [],
      "requirements": [],
	  "requiredContext": "cobblemon:steel_gem"
	}
	],
      "battleOnly": false
    },
    {
      "name": "Bug",
      "primaryType": "bug",
      "maleRatio": -1,
      "height": 32,
      "weight": 3200,
      "pokedex": [
        "cobblemon.species.arceus-bug.desc"
      ],
      "labels": [
        "gen4",
        "mythical"
      ],
      "aspects": [
        "bug-plate"
      ],
      "evolutions": [
           {
      "id": "arceus_normal",
      "variant": "item_interact",
      "result": "arceus multitype=normal",
      "consumeHeldItem": false,
      "learnableMoves": [],
      "requirements": [],
	  "requiredContext": "cobblemon:normal_gem"
    },
	{
      "id": "arceus_dark",
      "variant": "item_interact",
      "result": "arceus multitype=dark",
      "consumeHeldItem": false,
      "learnableMoves": [],
      "requirements": [],
	  "requiredContext": "cobblemon:dark_gem"
    },
    {
	  "id": "arceus_fire",
	  "variant": "item_interact",
	  "result": "arceus multitype=fire",
	  "consumeHeldItem": false,
	  "learnableMoves": [],
	  "requirements": [],
	  "requiredContext": "cobblemon:fire_gem"
	},
	{
	  "id": "arceus_water",
	  "variant": "item_interact",
	  "result": "arceus multitype=water",
	  "consumeHeldItem": false,
	  "learnableMoves": [],
	  "requirements": [],
	  "requiredContext": "cobblemon:water_gem"
	},
	{
	  "id": "arceus_grass",
	  "variant": "item_interact",
	  "result": "arceus multitype=grass",
	  "consumeHeldItem": false,
	  "learnableMoves": [],
	  "requirements": [],
	  "requiredContext": "cobblemon:grass_gem"
	},
	{
      "id": "arceus_electric",
      "variant": "item_interact",
      "result": "arceus multitype=electric",
      "consumeHeldItem": false,
      "learnableMoves": [],
      "requirements": [],
	  "requiredContext": "cobblemon:electric_gem"
	},
	{
      "id": "arceus_ice",
      "variant": "item_interact",
      "result": "arceus multitype=ice",
      "consumeHeldItem": false,
      "learnableMoves": [],
      "requirements": [],
	  "requiredContext": "cobblemon:ice_gem"
	},
	{
      "id": "arceus_fighting",
      "variant": "item_interact",
      "result": "arceus multitype=fighting",
      "consumeHeldItem": false,
      "learnableMoves": [],
      "requirements": [],
	  "requiredContext": "cobblemon:fighting_gem"
	},  
	{
      "id": "arceus_fairy",
      "variant": "item_interact",
      "result": "arceus multitype=fairy",
      "consumeHeldItem": false,
      "learnableMoves": [],
      "requirements": [],
	  "requiredContext": "cobblemon:fairy_gem"
	},
	{
      "id": "arceus_poison",
      "variant": "item_interact",
      "result": "arceus multitype=poison",
      "consumeHeldItem": false,
      "learnableMoves": [],
      "requirements": [],
	  "requiredContext": "cobblemon:poison_gem"
	},
	{
      "id": "arceus_ground",
      "variant": "item_interact",
      "result": "arceus multitype=ground",
      "consumeHeldItem": false,
      "learnableMoves": [],
      "requirements": [],
	  "requiredContext": "cobblemon:ground_gem"
	},
	{
      "id": "arceus_flying",
      "variant": "item_interact",
      "result": "arceus multitype=flying",
      "consumeHeldItem": false,
      "learnableMoves": [],
      "requirements": [],
	  "requiredContext": "cobblemon:flying_gem"
	},
	{
      "id": "arceus_psychic",
      "variant": "item_interact",
      "result": "arceus multitype=psychic",
      "consumeHeldItem": false,
      "learnableMoves": [],
      "requirements": [],
	  "requiredContext": "cobblemon:psychic_gem"
	},
	{
      "id": "arceus_rock",
      "variant": "item_interact",
      "result": "arceus multitype=rock",
      "consumeHeldItem": false,
      "learnableMoves": [],
      "requirements": [],
	  "requiredContext": "cobblemon:rock_gem"
	},
	{
      "id": "arceus_ghost",
      "variant": "item_interact",
      "result": "arceus multitype=ghost",
      "consumeHeldItem": false,
      "learnableMoves": [],
      "requirements": [],
	  "requiredContext": "cobblemon:ghost_gem"
	},
	{
      "id": "arceus_dragon",
      "variant": "item_interact",
      "result": "arceus multitype=dragon",
      "consumeHeldItem": false,
      "learnableMoves": [],
      "requirements": [],
	  "requiredContext": "cobblemon:dragon_gem"
	},
	{
      "id": "arceus_steel",
      "variant": "item_interact",
      "result": "arceus multitype=steel",
      "consumeHeldItem": false,
      "learnableMoves": [],
      "requirements": [],
	  "requiredContext": "cobblemon:steel_gem"
	}
	],
      "battleOnly": false
    },
    {
      "name": "Ghost",
      "primaryType": "ghost",
      "maleRatio": -1,
      "height": 32,
      "weight": 3200,
      "pokedex": [
        "cobblemon.species.arceus-ghost.desc"
      ],
      "labels": [
        "gen4",
        "mythical"
      ],
      "aspects": [
        "ghost-plate"
      ],
      "evolutions": [
    {
      "id": "arceus_normal",
      "variant": "item_interact",
      "result": "arceus multitype=normal",
      "consumeHeldItem": false,
      "learnableMoves": [],
      "requirements": [],
	  "requiredContext": "cobblemon:normal_gem"
    },
	{
      "id": "arceus_dark",
      "variant": "item_interact",
      "result": "arceus multitype=dark",
      "consumeHeldItem": false,
      "learnableMoves": [],
      "requirements": [],
	  "requiredContext": "cobblemon:dark_gem"
    },
    {
	  "id": "arceus_fire",
	  "variant": "item_interact",
	  "result": "arceus multitype=fire",
	  "consumeHeldItem": false,
	  "learnableMoves": [],
	  "requirements": [],
	  "requiredContext": "cobblemon:fire_gem"
	},
	{
	  "id": "arceus_water",
	  "variant": "item_interact",
	  "result": "arceus multitype=water",
	  "consumeHeldItem": false,
	  "learnableMoves": [],
	  "requirements": [],
	  "requiredContext": "cobblemon:water_gem"
	},
	{
	  "id": "arceus_grass",
	  "variant": "item_interact",
	  "result": "arceus multitype=grass",
	  "consumeHeldItem": false,
	  "learnableMoves": [],
	  "requirements": [],
	  "requiredContext": "cobblemon:grass_gem"
	},
	{
      "id": "arceus_electric",
      "variant": "item_interact",
      "result": "arceus multitype=electric",
      "consumeHeldItem": false,
      "learnableMoves": [],
      "requirements": [],
	  "requiredContext": "cobblemon:electric_gem"
	},
	{
      "id": "arceus_ice",
      "variant": "item_interact",
      "result": "arceus multitype=ice",
      "consumeHeldItem": false,
      "learnableMoves": [],
      "requirements": [],
	  "requiredContext": "cobblemon:ice_gem"
	},
	{
      "id": "arceus_fighting",
      "variant": "item_interact",
      "result": "arceus multitype=fighting",
      "consumeHeldItem": false,
      "learnableMoves": [],
      "requirements": [],
	  "requiredContext": "cobblemon:fighting_gem"
	},  
	{
      "id": "arceus_fairy",
      "variant": "item_interact",
      "result": "arceus multitype=fairy",
      "consumeHeldItem": false,
      "learnableMoves": [],
      "requirements": [],
	  "requiredContext": "cobblemon:fairy_gem"
	},
	{
      "id": "arceus_poison",
      "variant": "item_interact",
      "result": "arceus multitype=poison",
      "consumeHeldItem": false,
      "learnableMoves": [],
      "requirements": [],
	  "requiredContext": "cobblemon:poison_gem"
	},
	{
      "id": "arceus_ground",
      "variant": "item_interact",
      "result": "arceus multitype=ground",
      "consumeHeldItem": false,
      "learnableMoves": [],
      "requirements": [],
	  "requiredContext": "cobblemon:ground_gem"
	},
	{
      "id": "arceus_flying",
      "variant": "item_interact",
      "result": "arceus multitype=flying",
      "consumeHeldItem": false,
      "learnableMoves": [],
      "requirements": [],
	  "requiredContext": "cobblemon:flying_gem"
	},
	{
      "id": "arceus_psychic",
      "variant": "item_interact",
      "result": "arceus multitype=psychic",
      "consumeHeldItem": false,
      "learnableMoves": [],
      "requirements": [],
	  "requiredContext": "cobblemon:psychic_gem"
	},
	{
      "id": "arceus_bug",
      "variant": "item_interact",
      "result": "arceus multitype=bug",
      "consumeHeldItem": false,
      "learnableMoves": [],
      "requirements": [],
	  "requiredContext": "cobblemon:bug_gem"
	},
	{
      "id": "arceus_rock",
      "variant": "item_interact",
      "result": "arceus multitype=rock",
      "consumeHeldItem": false,
      "learnableMoves": [],
      "requirements": [],
	  "requiredContext": "cobblemon:rock_gem"
	},
	{
      "id": "arceus_dragon",
      "variant": "item_interact",
      "result": "arceus multitype=dragon",
      "consumeHeldItem": false,
      "learnableMoves": [],
      "requirements": [],
	  "requiredContext": "cobblemon:dragon_gem"
	},
	{
      "id": "arceus_steel",
      "variant": "item_interact",
      "result": "arceus multitype=steel",
      "consumeHeldItem": false,
      "learnableMoves": [],
      "requirements": [],
	  "requiredContext": "cobblemon:steel_gem"
	}
	],
      "battleOnly": false
    },
    {
      "name": "Steel",
      "primaryType": "steel",
      "maleRatio": -1,
      "height": 32,
      "weight": 3200,
      "pokedex": [
        "cobblemon.species.arceus-steel.desc"
      ],
      "labels": [
        "gen4",
        "mythical"
      ],
      "aspects": [
        "steel-plate"
      ],
      "evolutions": [
    {
      "id": "arceus_normal",
      "variant": "item_interact",
      "result": "arceus multitype=normal",
      "consumeHeldItem": false,
      "learnableMoves": [],
      "requirements": [],
	  "requiredContext": "cobblemon:normal_gem"
    },
	{
      "id": "arceus_dark",
      "variant": "item_interact",
      "result": "arceus multitype=dark",
      "consumeHeldItem": false,
      "learnableMoves": [],
      "requirements": [],
	  "requiredContext": "cobblemon:dark_gem"
    },
    {
	  "id": "arceus_fire",
	  "variant": "item_interact",
	  "result": "arceus multitype=fire",
	  "consumeHeldItem": false,
	  "learnableMoves": [],
	  "requirements": [],
	  "requiredContext": "cobblemon:fire_gem"
	},
	{
	  "id": "arceus_water",
	  "variant": "item_interact",
	  "result": "arceus multitype=water",
	  "consumeHeldItem": false,
	  "learnableMoves": [],
	  "requirements": [],
	  "requiredContext": "cobblemon:water_gem"
	},
	{
	  "id": "arceus_grass",
	  "variant": "item_interact",
	  "result": "arceus multitype=grass",
	  "consumeHeldItem": false,
	  "learnableMoves": [],
	  "requirements": [],
	  "requiredContext": "cobblemon:grass_gem"
	},
	{
      "id": "arceus_electric",
      "variant": "item_interact",
      "result": "arceus multitype=electric",
      "consumeHeldItem": false,
      "learnableMoves": [],
      "requirements": [],
	  "requiredContext": "cobblemon:electric_gem"
	},
	{
      "id": "arceus_ice",
      "variant": "item_interact",
      "result": "arceus multitype=ice",
      "consumeHeldItem": false,
      "learnableMoves": [],
      "requirements": [],
	  "requiredContext": "cobblemon:ice_gem"
	},
	{
      "id": "arceus_fighting",
      "variant": "item_interact",
      "result": "arceus multitype=fighting",
      "consumeHeldItem": false,
      "learnableMoves": [],
      "requirements": [],
	  "requiredContext": "cobblemon:fighting_gem"
	},  
	{
      "id": "arceus_fairy",
      "variant": "item_interact",
      "result": "arceus multitype=fairy",
      "consumeHeldItem": false,
      "learnableMoves": [],
      "requirements": [],
	  "requiredContext": "cobblemon:fairy_gem"
	},
	{
      "id": "arceus_poison",
      "variant": "item_interact",
      "result": "arceus multitype=poison",
      "consumeHeldItem": false,
      "learnableMoves": [],
      "requirements": [],
	  "requiredContext": "cobblemon:poison_gem"
	},
	{
      "id": "arceus_ground",
      "variant": "item_interact",
      "result": "arceus multitype=ground",
      "consumeHeldItem": false,
      "learnableMoves": [],
      "requirements": [],
	  "requiredContext": "cobblemon:ground_gem"
	},
	{
      "id": "arceus_flying",
      "variant": "item_interact",
      "result": "arceus multitype=flying",
      "consumeHeldItem": false,
      "learnableMoves": [],
      "requirements": [],
	  "requiredContext": "cobblemon:flying_gem"
	},
	{
      "id": "arceus_psychic",
      "variant": "item_interact",
      "result": "arceus multitype=psychic",
      "consumeHeldItem": false,
      "learnableMoves": [],
      "requirements": [],
	  "requiredContext": "cobblemon:psychic_gem"
	},
	{
      "id": "arceus_bug",
      "variant": "item_interact",
      "result": "arceus multitype=bug",
      "consumeHeldItem": false,
      "learnableMoves": [],
      "requirements": [],
	  "requiredContext": "cobblemon:bug_gem"
	},
	{
      "id": "arceus_rock",
      "variant": "item_interact",
      "result": "arceus multitype=rock",
      "consumeHeldItem": false,
      "learnableMoves": [],
      "requirements": [],
	  "requiredContext": "cobblemon:rock_gem"
	},
	{
      "id": "arceus_ghost",
      "variant": "item_interact",
      "result": "arceus multitype=ghost",
      "consumeHeldItem": false,
      "learnableMoves": [],
      "requirements": [],
	  "requiredContext": "cobblemon:ghost_gem"
	},
	{
      "id": "arceus_dragon",
      "variant": "item_interact",
      "result": "arceus multitype=dragon",
      "consumeHeldItem": false,
      "learnableMoves": [],
      "requirements": [],
	  "requiredContext": "cobblemon:dragon_gem"
	}
	],
      "battleOnly": false
    },
    {
      "name": "Fire",
      "primaryType": "fire",
      "maleRatio": -1,
      "height": 32,
      "weight": 3200,
      "pokedex": [
        "cobblemon.species.arceus-fire.desc"
      ],
      "labels": [
        "gen4",
        "mythical"
      ],
      "aspects": [
        "fire-plate"
      ],
 "evolutions": [
    {
      "id": "arceus_normal",
      "variant": "item_interact",
      "result": "arceus multitype=normal",
      "consumeHeldItem": false,
      "learnableMoves": [],
      "requirements": [],
	  "requiredContext": "cobblemon:normal_gem"
    },
	{
      "id": "arceus_dark",
      "variant": "item_interact",
      "result": "arceus multitype=dark",
      "consumeHeldItem": false,
      "learnableMoves": [],
      "requirements": [],
	  "requiredContext": "cobblemon:dark_gem"
    },
	{
	  "id": "arceus_water",
	  "variant": "item_interact",
	  "result": "arceus multitype=water",
	  "consumeHeldItem": false,
	  "learnableMoves": [],
	  "requirements": [],
	  "requiredContext": "cobblemon:water_gem"
	},
	{
	  "id": "arceus_grass",
	  "variant": "item_interact",
	  "result": "arceus multitype=grass",
	  "consumeHeldItem": false,
	  "learnableMoves": [],
	  "requirements": [],
	  "requiredContext": "cobblemon:grass_gem"
	},
	{
      "id": "arceus_electric",
      "variant": "item_interact",
      "result": "arceus multitype=electric",
      "consumeHeldItem": false,
      "learnableMoves": [],
      "requirements": [],
	  "requiredContext": "cobblemon:electric_gem"
	},
	{
      "id": "arceus_ice",
      "variant": "item_interact",
      "result": "arceus multitype=ice",
      "consumeHeldItem": false,
      "learnableMoves": [],
      "requirements": [],
	  "requiredContext": "cobblemon:ice_gem"
	},
	{
      "id": "arceus_fighting",
      "variant": "item_interact",
      "result": "arceus multitype=fighting",
      "consumeHeldItem": false,
      "learnableMoves": [],
      "requirements": [],
	  "requiredContext": "cobblemon:fighting_gem"
	},  
	{
      "id": "arceus_fairy",
      "variant": "item_interact",
      "result": "arceus multitype=fairy",
      "consumeHeldItem": false,
      "learnableMoves": [],
      "requirements": [],
	  "requiredContext": "cobblemon:fairy_gem"
	},
	{
      "id": "arceus_poison",
      "variant": "item_interact",
      "result": "arceus multitype=poison",
      "consumeHeldItem": false,
      "learnableMoves": [],
      "requirements": [],
	  "requiredContext": "cobblemon:poison_gem"
	},
	{
      "id": "arceus_ground",
      "variant": "item_interact",
      "result": "arceus multitype=ground",
      "consumeHeldItem": false,
      "learnableMoves": [],
      "requirements": [],
	  "requiredContext": "cobblemon:ground_gem"
	},
	{
      "id": "arceus_flying",
      "variant": "item_interact",
      "result": "arceus multitype=flying",
      "consumeHeldItem": false,
      "learnableMoves": [],
      "requirements": [],
	  "requiredContext": "cobblemon:flying_gem"
	},
	{
      "id": "arceus_psychic",
      "variant": "item_interact",
      "result": "arceus multitype=psychic",
      "consumeHeldItem": false,
      "learnableMoves": [],
      "requirements": [],
	  "requiredContext": "cobblemon:psychic_gem"
	},
	{
      "id": "arceus_bug",
      "variant": "item_interact",
      "result": "arceus multitype=bug",
      "consumeHeldItem": false,
      "learnableMoves": [],
      "requirements": [],
	  "requiredContext": "cobblemon:bug_gem"
	},
	{
      "id": "arceus_rock",
      "variant": "item_interact",
      "result": "arceus multitype=rock",
      "consumeHeldItem": false,
      "learnableMoves": [],
      "requirements": [],
	  "requiredContext": "cobblemon:rock_gem"
	},
	{
      "id": "arceus_ghost",
      "variant": "item_interact",
      "result": "arceus multitype=ghost",
      "consumeHeldItem": false,
      "learnableMoves": [],
      "requirements": [],
	  "requiredContext": "cobblemon:ghost_gem"
	},
	{
      "id": "arceus_dragon",
      "variant": "item_interact",
      "result": "arceus multitype=dragon",
      "consumeHeldItem": false,
      "learnableMoves": [],
      "requirements": [],
	  "requiredContext": "cobblemon:dragon_gem"
	},
	{
      "id": "arceus_steel",
      "variant": "item_interact",
      "result": "arceus multitype=steel",
      "consumeHeldItem": false,
      "learnableMoves": [],
      "requirements": [],
	  "requiredContext": "cobblemon:steel_gem"
	}
      ],
      "battleOnly": false
    },
    {
      "name": "Water",
      "primaryType": "water",
      "maleRatio": -1,
      "height": 32,
      "weight": 3200,
      "pokedex": [
        "cobblemon.species.arceus-water.desc"
      ],
      "labels": [
        "gen4",
        "mythical"
      ],
      "aspects": [
        "water-plate"
      ],
 "evolutions": [
    {
      "id": "arceus_normal",
      "variant": "item_interact",
      "result": "arceus multitype=normal",
      "consumeHeldItem": false,
      "learnableMoves": [],
      "requirements": [],
	  "requiredContext": "cobblemon:normal_gem"
    },
	{
      "id": "arceus_dark",
      "variant": "item_interact",
      "result": "arceus multitype=dark",
      "consumeHeldItem": false,
      "learnableMoves": [],
      "requirements": [],
	  "requiredContext": "cobblemon:dark_gem"
    },
    {
	  "id": "arceus_fire",
	  "variant": "item_interact",
	  "result": "arceus multitype=fire",
	  "consumeHeldItem": false,
	  "learnableMoves": [],
	  "requirements": [],
	  "requiredContext": "cobblemon:fire_gem"
	},
	{
	  "id": "arceus_grass",
	  "variant": "item_interact",
	  "result": "arceus multitype=grass",
	  "consumeHeldItem": false,
	  "learnableMoves": [],
	  "requirements": [],
	  "requiredContext": "cobblemon:grass_gem"
	},
	{
      "id": "arceus_electric",
      "variant": "item_interact",
      "result": "arceus multitype=electric",
      "consumeHeldItem": false,
      "learnableMoves": [],
      "requirements": [],
	  "requiredContext": "cobblemon:electric_gem"
	},
	{
      "id": "arceus_ice",
      "variant": "item_interact",
      "result": "arceus multitype=ice",
      "consumeHeldItem": false,
      "learnableMoves": [],
      "requirements": [],
	  "requiredContext": "cobblemon:ice_gem"
	},
	{
      "id": "arceus_fighting",
      "variant": "item_interact",
      "result": "arceus multitype=fighting",
      "consumeHeldItem": false,
      "learnableMoves": [],
      "requirements": [],
	  "requiredContext": "cobblemon:fighting_gem"
	},  
	{
      "id": "arceus_fairy",
      "variant": "item_interact",
      "result": "arceus multitype=fairy",
      "consumeHeldItem": false,
      "learnableMoves": [],
      "requirements": [],
	  "requiredContext": "cobblemon:fairy_gem"
	},
	{
      "id": "arceus_poison",
      "variant": "item_interact",
      "result": "arceus multitype=poison",
      "consumeHeldItem": false,
      "learnableMoves": [],
      "requirements": [],
	  "requiredContext": "cobblemon:poison_gem"
	},
	{
      "id": "arceus_ground",
      "variant": "item_interact",
      "result": "arceus multitype=ground",
      "consumeHeldItem": false,
      "learnableMoves": [],
      "requirements": [],
	  "requiredContext": "cobblemon:ground_gem"
	},
	{
      "id": "arceus_flying",
      "variant": "item_interact",
      "result": "arceus multitype=flying",
      "consumeHeldItem": false,
      "learnableMoves": [],
      "requirements": [],
	  "requiredContext": "cobblemon:flying_gem"
	},
	{
      "id": "arceus_psychic",
      "variant": "item_interact",
      "result": "arceus multitype=psychic",
      "consumeHeldItem": false,
      "learnableMoves": [],
      "requirements": [],
	  "requiredContext": "cobblemon:psychic_gem"
	},
	{
      "id": "arceus_bug",
      "variant": "item_interact",
      "result": "arceus multitype=bug",
      "consumeHeldItem": false,
      "learnableMoves": [],
      "requirements": [],
	  "requiredContext": "cobblemon:bug_gem"
	},
	{
      "id": "arceus_rock",
      "variant": "item_interact",
      "result": "arceus multitype=rock",
      "consumeHeldItem": false,
      "learnableMoves": [],
      "requirements": [],
	  "requiredContext": "cobblemon:rock_gem"
	},
	{
      "id": "arceus_ghost",
      "variant": "item_interact",
      "result": "arceus multitype=ghost",
      "consumeHeldItem": false,
      "learnableMoves": [],
      "requirements": [],
	  "requiredContext": "cobblemon:ghost_gem"
	},
	{
      "id": "arceus_dragon",
      "variant": "item_interact",
      "result": "arceus multitype=dragon",
      "consumeHeldItem": false,
      "learnableMoves": [],
      "requirements": [],
	  "requiredContext": "cobblemon:dragon_gem"
	},
	{
      "id": "arceus_steel",
      "variant": "item_interact",
      "result": "arceus multitype=steel",
      "consumeHeldItem": false,
      "learnableMoves": [],
      "requirements": [],
	  "requiredContext": "cobblemon:steel_gem"
	}
	],
      "battleOnly": false
    },
    {
      "name": "Grass",
      "primaryType": "grass",
      "maleRatio": -1,
      "height": 32,
      "weight": 3200,
      "pokedex": [
        "cobblemon.species.arceus-grass.desc"
      ],
      "labels": [
        "gen4",
        "mythical"
      ],
      "aspects": [
        "grass-plate"
      ],
		"evolutions": [
    {
      "id": "arceus_normal",
      "variant": "item_interact",
      "result": "arceus multitype=normal",
      "consumeHeldItem": false,
      "learnableMoves": [],
      "requirements": [],
	  "requiredContext": "cobblemon:normal_gem"
    },
	{
      "id": "arceus_dark",
      "variant": "item_interact",
      "result": "arceus multitype=dark",
      "consumeHeldItem": false,
      "learnableMoves": [],
      "requirements": [],
	  "requiredContext": "cobblemon:dark_gem"
    },
    {
	  "id": "arceus_fire",
	  "variant": "item_interact",
	  "result": "arceus multitype=fire",
	  "consumeHeldItem": false,
	  "learnableMoves": [],
	  "requirements": [],
	  "requiredContext": "cobblemon:fire_gem"
	},
	{
	  "id": "arceus_water",
	  "variant": "item_interact",
	  "result": "arceus multitype=water",
	  "consumeHeldItem": false,
	  "learnableMoves": [],
	  "requirements": [],
	  "requiredContext": "cobblemon:water_gem"
	},
	{
      "id": "arceus_electric",
      "variant": "item_interact",
      "result": "arceus multitype=electric",
      "consumeHeldItem": false,
      "learnableMoves": [],
      "requirements": [],
	  "requiredContext": "cobblemon:electric_gem"
	},
	{
      "id": "arceus_ice",
      "variant": "item_interact",
      "result": "arceus multitype=ice",
      "consumeHeldItem": false,
      "learnableMoves": [],
      "requirements": [],
	  "requiredContext": "cobblemon:ice_gem"
	},
	{
      "id": "arceus_fighting",
      "variant": "item_interact",
      "result": "arceus multitype=fighting",
      "consumeHeldItem": false,
      "learnableMoves": [],
      "requirements": [],
	  "requiredContext": "cobblemon:fighting_gem"
	},  
	{
      "id": "arceus_fairy",
      "variant": "item_interact",
      "result": "arceus multitype=fairy",
      "consumeHeldItem": false,
      "learnableMoves": [],
      "requirements": [],
	  "requiredContext": "cobblemon:fairy_gem"
	},
	{
      "id": "arceus_poison",
      "variant": "item_interact",
      "result": "arceus multitype=poison",
      "consumeHeldItem": false,
      "learnableMoves": [],
      "requirements": [],
	  "requiredContext": "cobblemon:poison_gem"
	},
	{
      "id": "arceus_ground",
      "variant": "item_interact",
      "result": "arceus multitype=ground",
      "consumeHeldItem": false,
      "learnableMoves": [],
      "requirements": [],
	  "requiredContext": "cobblemon:ground_gem"
	},
	{
      "id": "arceus_flying",
      "variant": "item_interact",
      "result": "arceus multitype=flying",
      "consumeHeldItem": false,
      "learnableMoves": [],
      "requirements": [],
	  "requiredContext": "cobblemon:flying_gem"
	},
	{
      "id": "arceus_psychic",
      "variant": "item_interact",
      "result": "arceus multitype=psychic",
      "consumeHeldItem": false,
      "learnableMoves": [],
      "requirements": [],
	  "requiredContext": "cobblemon:psychic_gem"
	},
	{
      "id": "arceus_bug",
      "variant": "item_interact",
      "result": "arceus multitype=bug",
      "consumeHeldItem": false,
      "learnableMoves": [],
      "requirements": [],
	  "requiredContext": "cobblemon:bug_gem"
	},
	{
      "id": "arceus_rock",
      "variant": "item_interact",
      "result": "arceus multitype=rock",
      "consumeHeldItem": false,
      "learnableMoves": [],
      "requirements": [],
	  "requiredContext": "cobblemon:rock_gem"
	},
	{
      "id": "arceus_ghost",
      "variant": "item_interact",
      "result": "arceus multitype=ghost",
      "consumeHeldItem": false,
      "learnableMoves": [],
      "requirements": [],
	  "requiredContext": "cobblemon:ghost_gem"
	},
	{
      "id": "arceus_dragon",
      "variant": "item_interact",
      "result": "arceus multitype=dragon",
      "consumeHeldItem": false,
      "learnableMoves": [],
      "requirements": [],
	  "requiredContext": "cobblemon:dragon_gem"
	},
	{
      "id": "arceus_steel",
      "variant": "item_interact",
      "result": "arceus multitype=steel",
      "consumeHeldItem": false,
      "learnableMoves": [],
      "requirements": [],
	  "requiredContext": "cobblemon:steel_gem"
	}
	],
      "battleOnly": false
    },
    {
      "name": "Electric",
      "primaryType": "electric",
      "maleRatio": -1,
      "height": 32,
      "weight": 3200,
      "pokedex": [
        "cobblemon.species.arceus-electric.desc"
      ],
      "labels": [
        "gen4",
        "mythical"
      ],
      "aspects": [
        "electric-plate"
      ],
	  "evolutions": [
    {
      "id": "arceus_normal",
      "variant": "item_interact",
      "result": "arceus multitype=normal",
      "consumeHeldItem": false,
      "learnableMoves": [],
      "requirements": [],
	  "requiredContext": "cobblemon:normal_gem"
    },
	{
      "id": "arceus_dark",
      "variant": "item_interact",
      "result": "arceus multitype=dark",
      "consumeHeldItem": false,
      "learnableMoves": [],
      "requirements": [],
	  "requiredContext": "cobblemon:dark_gem"
    },
    {
	  "id": "arceus_fire",
	  "variant": "item_interact",
	  "result": "arceus multitype=fire",
	  "consumeHeldItem": false,
	  "learnableMoves": [],
	  "requirements": [],
	  "requiredContext": "cobblemon:fire_gem"
	},
	{
	  "id": "arceus_water",
	  "variant": "item_interact",
	  "result": "arceus multitype=water",
	  "consumeHeldItem": false,
	  "learnableMoves": [],
	  "requirements": [],
	  "requiredContext": "cobblemon:water_gem"
	},
	{
	  "id": "arceus_grass",
	  "variant": "item_interact",
	  "result": "arceus multitype=grass",
	  "consumeHeldItem": false,
	  "learnableMoves": [],
	  "requirements": [],
	  "requiredContext": "cobblemon:grass_gem"
	},
	{
      "id": "arceus_ice",
      "variant": "item_interact",
      "result": "arceus multitype=ice",
      "consumeHeldItem": false,
      "learnableMoves": [],
      "requirements": [],
	  "requiredContext": "cobblemon:ice_gem"
	},
	{
      "id": "arceus_fighting",
      "variant": "item_interact",
      "result": "arceus multitype=fighting",
      "consumeHeldItem": false,
      "learnableMoves": [],
      "requirements": [],
	  "requiredContext": "cobblemon:fighting_gem"
	},  
	{
      "id": "arceus_fairy",
      "variant": "item_interact",
      "result": "arceus multitype=fairy",
      "consumeHeldItem": false,
      "learnableMoves": [],
      "requirements": [],
	  "requiredContext": "cobblemon:fairy_gem"
	},
	{
      "id": "arceus_poison",
      "variant": "item_interact",
      "result": "arceus multitype=poison",
      "consumeHeldItem": false,
      "learnableMoves": [],
      "requirements": [],
	  "requiredContext": "cobblemon:poison_gem"
	},
	{
      "id": "arceus_ground",
      "variant": "item_interact",
      "result": "arceus multitype=ground",
      "consumeHeldItem": false,
      "learnableMoves": [],
      "requirements": [],
	  "requiredContext": "cobblemon:ground_gem"
	},
	{
      "id": "arceus_flying",
      "variant": "item_interact",
      "result": "arceus multitype=flying",
      "consumeHeldItem": false,
      "learnableMoves": [],
      "requirements": [],
	  "requiredContext": "cobblemon:flying_gem"
	},
	{
      "id": "arceus_psychic",
      "variant": "item_interact",
      "result": "arceus multitype=psychic",
      "consumeHeldItem": false,
      "learnableMoves": [],
      "requirements": [],
	  "requiredContext": "cobblemon:psychic_gem"
	},
	{
      "id": "arceus_bug",
      "variant": "item_interact",
      "result": "arceus multitype=bug",
      "consumeHeldItem": false,
      "learnableMoves": [],
      "requirements": [],
	  "requiredContext": "cobblemon:bug_gem"
	},
	{
      "id": "arceus_rock",
      "variant": "item_interact",
      "result": "arceus multitype=rock",
      "consumeHeldItem": false,
      "learnableMoves": [],
      "requirements": [],
	  "requiredContext": "cobblemon:rock_gem"
	},
	{
      "id": "arceus_ghost",
      "variant": "item_interact",
      "result": "arceus multitype=ghost",
      "consumeHeldItem": false,
      "learnableMoves": [],
      "requirements": [],
	  "requiredContext": "cobblemon:ghost_gem"
	},
	{
      "id": "arceus_dragon",
      "variant": "item_interact",
      "result": "arceus multitype=dragon",
      "consumeHeldItem": false,
      "learnableMoves": [],
      "requirements": [],
	  "requiredContext": "cobblemon:dragon_gem"
	},
	{
      "id": "arceus_steel",
      "variant": "item_interact",
      "result": "arceus multitype=steel",
      "consumeHeldItem": false,
      "learnableMoves": [],
      "requirements": [],
	  "requiredContext": "cobblemon:steel_gem"
	}
	],
      "battleOnly": false
    },
    {
      "name": "Psychic",
      "primaryType": "psychic",
      "maleRatio": -1,
      "height": 32,
      "weight": 3200,
      "pokedex": [
        "cobblemon.species.arceus-psychic.desc"
      ],
      "labels": [
        "gen4",
        "mythical"
      ],
      "aspects": [
        "psychic-plate"
      ],
	  "evolutions": [
    {
      "id": "arceus_normal",
      "variant": "item_interact",
      "result": "arceus multitype=normal",
      "consumeHeldItem": false,
      "learnableMoves": [],
      "requirements": [],
	  "requiredContext": "cobblemon:normal_gem"
    },
	{
      "id": "arceus_dark",
      "variant": "item_interact",
      "result": "arceus multitype=dark",
      "consumeHeldItem": false,
      "learnableMoves": [],
      "requirements": [],
	  "requiredContext": "cobblemon:dark_gem"
    },
    {
	  "id": "arceus_fire",
	  "variant": "item_interact",
	  "result": "arceus multitype=fire",
	  "consumeHeldItem": false,
	  "learnableMoves": [],
	  "requirements": [],
	  "requiredContext": "cobblemon:fire_gem"
	},
	{
	  "id": "arceus_water",
	  "variant": "item_interact",
	  "result": "arceus multitype=water",
	  "consumeHeldItem": false,
	  "learnableMoves": [],
	  "requirements": [],
	  "requiredContext": "cobblemon:water_gem"
	},
	{
	  "id": "arceus_grass",
	  "variant": "item_interact",
	  "result": "arceus multitype=grass",
	  "consumeHeldItem": false,
	  "learnableMoves": [],
	  "requirements": [],
	  "requiredContext": "cobblemon:grass_gem"
	},
	{
      "id": "arceus_electric",
      "variant": "item_interact",
      "result": "arceus multitype=electric",
      "consumeHeldItem": false,
      "learnableMoves": [],
      "requirements": [],
	  "requiredContext": "cobblemon:electric_gem"
	},
	{
      "id": "arceus_ice",
      "variant": "item_interact",
      "result": "arceus multitype=ice",
      "consumeHeldItem": false,
      "learnableMoves": [],
      "requirements": [],
	  "requiredContext": "cobblemon:ice_gem"
	},
	{
      "id": "arceus_fighting",
      "variant": "item_interact",
      "result": "arceus multitype=fighting",
      "consumeHeldItem": false,
      "learnableMoves": [],
      "requirements": [],
	  "requiredContext": "cobblemon:fighting_gem"
	},  
	{
      "id": "arceus_fairy",
      "variant": "item_interact",
      "result": "arceus multitype=fairy",
      "consumeHeldItem": false,
      "learnableMoves": [],
      "requirements": [],
	  "requiredContext": "cobblemon:fairy_gem"
	},
	{
      "id": "arceus_poison",
      "variant": "item_interact",
      "result": "arceus multitype=poison",
      "consumeHeldItem": false,
      "learnableMoves": [],
      "requirements": [],
	  "requiredContext": "cobblemon:poison_gem"
	},
	{
      "id": "arceus_ground",
      "variant": "item_interact",
      "result": "arceus multitype=ground",
      "consumeHeldItem": false,
      "learnableMoves": [],
      "requirements": [],
	  "requiredContext": "cobblemon:ground_gem"
	},
	{
      "id": "arceus_flying",
      "variant": "item_interact",
      "result": "arceus multitype=flying",
      "consumeHeldItem": false,
      "learnableMoves": [],
      "requirements": [],
	  "requiredContext": "cobblemon:flying_gem"
	},
	{
      "id": "arceus_bug",
      "variant": "item_interact",
      "result": "arceus multitype=bug",
      "consumeHeldItem": false,
      "learnableMoves": [],
      "requirements": [],
	  "requiredContext": "cobblemon:bug_gem"
	},
	{
      "id": "arceus_rock",
      "variant": "item_interact",
      "result": "arceus multitype=rock",
      "consumeHeldItem": false,
      "learnableMoves": [],
      "requirements": [],
	  "requiredContext": "cobblemon:rock_gem"
	},
	{
      "id": "arceus_ghost",
      "variant": "item_interact",
      "result": "arceus multitype=ghost",
      "consumeHeldItem": false,
      "learnableMoves": [],
      "requirements": [],
	  "requiredContext": "cobblemon:ghost_gem"
	},
	{
      "id": "arceus_dragon",
      "variant": "item_interact",
      "result": "arceus multitype=dragon",
      "consumeHeldItem": false,
      "learnableMoves": [],
      "requirements": [],
	  "requiredContext": "cobblemon:dragon_gem"
	},
	{
      "id": "arceus_steel",
      "variant": "item_interact",
      "result": "arceus multitype=steel",
      "consumeHeldItem": false,
      "learnableMoves": [],
      "requirements": [],
	  "requiredContext": "cobblemon:steel_gem"
	}
      ],
      "battleOnly": false
    },
    {
      "name": "Ice",
      "primaryType": "ice",
      "maleRatio": -1,
      "height": 32,
      "weight": 3200,
      "pokedex": [
        "cobblemon.species.arceus-ice.desc"
      ],
      "labels": [
        "gen4",
        "mythical"
      ],
      "aspects": [
        "ice-plate"
      ],
	  "evolutions": [
    {
      "id": "arceus_normal",
      "variant": "item_interact",
      "result": "arceus multitype=normal",
      "consumeHeldItem": false,
      "learnableMoves": [],
      "requirements": [],
	  "requiredContext": "cobblemon:normal_gem"
    },
	{
      "id": "arceus_dark",
      "variant": "item_interact",
      "result": "arceus multitype=dark",
      "consumeHeldItem": false,
      "learnableMoves": [],
      "requirements": [],
	  "requiredContext": "cobblemon:dark_gem"
    },
    {
	  "id": "arceus_fire",
	  "variant": "item_interact",
	  "result": "arceus multitype=fire",
	  "consumeHeldItem": false,
	  "learnableMoves": [],
	  "requirements": [],
	  "requiredContext": "cobblemon:fire_gem"
	},
	{
	  "id": "arceus_water",
	  "variant": "item_interact",
	  "result": "arceus multitype=water",
	  "consumeHeldItem": false,
	  "learnableMoves": [],
	  "requirements": [],
	  "requiredContext": "cobblemon:water_gem"
	},
	{
	  "id": "arceus_grass",
	  "variant": "item_interact",
	  "result": "arceus multitype=grass",
	  "consumeHeldItem": false,
	  "learnableMoves": [],
	  "requirements": [],
	  "requiredContext": "cobblemon:grass_gem"
	},
	{
      "id": "arceus_electric",
      "variant": "item_interact",
      "result": "arceus multitype=electric",
      "consumeHeldItem": false,
      "learnableMoves": [],
      "requirements": [],
	  "requiredContext": "cobblemon:electric_gem"
	},
	{
      "id": "arceus_fighting",
      "variant": "item_interact",
      "result": "arceus multitype=fighting",
      "consumeHeldItem": false,
      "learnableMoves": [],
      "requirements": [],
	  "requiredContext": "cobblemon:fighting_gem"
	},  
	{
      "id": "arceus_fairy",
      "variant": "item_interact",
      "result": "arceus multitype=fairy",
      "consumeHeldItem": false,
      "learnableMoves": [],
      "requirements": [],
	  "requiredContext": "cobblemon:fairy_gem"
	},
	{
      "id": "arceus_poison",
      "variant": "item_interact",
      "result": "arceus multitype=poison",
      "consumeHeldItem": false,
      "learnableMoves": [],
      "requirements": [],
	  "requiredContext": "cobblemon:poison_gem"
	},
	{
      "id": "arceus_ground",
      "variant": "item_interact",
      "result": "arceus multitype=ground",
      "consumeHeldItem": false,
      "learnableMoves": [],
      "requirements": [],
	  "requiredContext": "cobblemon:ground_gem"
	},
	{
      "id": "arceus_flying",
      "variant": "item_interact",
      "result": "arceus multitype=flying",
      "consumeHeldItem": false,
      "learnableMoves": [],
      "requirements": [],
	  "requiredContext": "cobblemon:flying_gem"
	},
	{
      "id": "arceus_psychic",
      "variant": "item_interact",
      "result": "arceus multitype=psychic",
      "consumeHeldItem": false,
      "learnableMoves": [],
      "requirements": [],
	  "requiredContext": "cobblemon:psychic_gem"
	},
	{
      "id": "arceus_bug",
      "variant": "item_interact",
      "result": "arceus multitype=bug",
      "consumeHeldItem": false,
      "learnableMoves": [],
      "requirements": [],
	  "requiredContext": "cobblemon:bug_gem"
	},
	{
      "id": "arceus_rock",
      "variant": "item_interact",
      "result": "arceus multitype=rock",
      "consumeHeldItem": false,
      "learnableMoves": [],
      "requirements": [],
	  "requiredContext": "cobblemon:rock_gem"
	},
	{
      "id": "arceus_ghost",
      "variant": "item_interact",
      "result": "arceus multitype=ghost",
      "consumeHeldItem": false,
      "learnableMoves": [],
      "requirements": [],
	  "requiredContext": "cobblemon:ghost_gem"
	},
	{
      "id": "arceus_dragon",
      "variant": "item_interact",
      "result": "arceus multitype=dragon",
      "consumeHeldItem": false,
      "learnableMoves": [],
      "requirements": [],
	  "requiredContext": "cobblemon:dragon_gem"
	},
	{
      "id": "arceus_steel",
      "variant": "item_interact",
      "result": "arceus multitype=steel",
      "consumeHeldItem": false,
      "learnableMoves": [],
      "requirements": [],
	  "requiredContext": "cobblemon:steel_gem"
	}
      ],
      "battleOnly": false
    },
    {
      "name": "Dragon",
      "primaryType": "dragon",
      "maleRatio": -1,
      "height": 32,
      "weight": 3200,
      "pokedex": [
        "cobblemon.species.arceus-dragon.desc"
      ],
      "labels": [
        "gen4",
        "mythical"
      ],
      "aspects": [
        "dragon-plate"
      ],
	  "evolutions": [
    {
      "id": "arceus_normal",
      "variant": "item_interact",
      "result": "arceus multitype=normal",
      "consumeHeldItem": false,
      "learnableMoves": [],
      "requirements": [],
	  "requiredContext": "cobblemon:normal_gem"
    },
	{
      "id": "arceus_dark",
      "variant": "item_interact",
      "result": "arceus multitype=dark",
      "consumeHeldItem": false,
      "learnableMoves": [],
      "requirements": [],
	  "requiredContext": "cobblemon:dark_gem"
    },
    {
	  "id": "arceus_fire",
	  "variant": "item_interact",
	  "result": "arceus multitype=fire",
	  "consumeHeldItem": false,
	  "learnableMoves": [],
	  "requirements": [],
	  "requiredContext": "cobblemon:fire_gem"
	},
	{
	  "id": "arceus_water",
	  "variant": "item_interact",
	  "result": "arceus multitype=water",
	  "consumeHeldItem": false,
	  "learnableMoves": [],
	  "requirements": [],
	  "requiredContext": "cobblemon:water_gem"
	},
	{
	  "id": "arceus_grass",
	  "variant": "item_interact",
	  "result": "arceus multitype=grass",
	  "consumeHeldItem": false,
	  "learnableMoves": [],
	  "requirements": [],
	  "requiredContext": "cobblemon:grass_gem"
	},
	{
      "id": "arceus_electric",
      "variant": "item_interact",
      "result": "arceus multitype=electric",
      "consumeHeldItem": false,
      "learnableMoves": [],
      "requirements": [],
	  "requiredContext": "cobblemon:electric_gem"
	},
	{
      "id": "arceus_ice",
      "variant": "item_interact",
      "result": "arceus multitype=ice",
      "consumeHeldItem": false,
      "learnableMoves": [],
      "requirements": [],
	  "requiredContext": "cobblemon:ice_gem"
	},
	{
      "id": "arceus_fighting",
      "variant": "item_interact",
      "result": "arceus multitype=fighting",
      "consumeHeldItem": false,
      "learnableMoves": [],
      "requirements": [],
	  "requiredContext": "cobblemon:fighting_gem"
	},  
	{
      "id": "arceus_fairy",
      "variant": "item_interact",
      "result": "arceus multitype=fairy",
      "consumeHeldItem": false,
      "learnableMoves": [],
      "requirements": [],
	  "requiredContext": "cobblemon:fairy_gem"
	},
	{
      "id": "arceus_poison",
      "variant": "item_interact",
      "result": "arceus multitype=poison",
      "consumeHeldItem": false,
      "learnableMoves": [],
      "requirements": [],
	  "requiredContext": "cobblemon:poison_gem"
	},
	{
      "id": "arceus_ground",
      "variant": "item_interact",
      "result": "arceus multitype=ground",
      "consumeHeldItem": false,
      "learnableMoves": [],
      "requirements": [],
	  "requiredContext": "cobblemon:ground_gem"
	},
	{
      "id": "arceus_flying",
      "variant": "item_interact",
      "result": "arceus multitype=flying",
      "consumeHeldItem": false,
      "learnableMoves": [],
      "requirements": [],
	  "requiredContext": "cobblemon:flying_gem"
	},
	{
      "id": "arceus_psychic",
      "variant": "item_interact",
      "result": "arceus multitype=psychic",
      "consumeHeldItem": false,
      "learnableMoves": [],
      "requirements": [],
	  "requiredContext": "cobblemon:psychic_gem"
	},
	{
      "id": "arceus_bug",
      "variant": "item_interact",
      "result": "arceus multitype=bug",
      "consumeHeldItem": false,
      "learnableMoves": [],
      "requirements": [],
	  "requiredContext": "cobblemon:bug_gem"
	},
	{
      "id": "arceus_rock",
      "variant": "item_interact",
      "result": "arceus multitype=rock",
      "consumeHeldItem": false,
      "learnableMoves": [],
      "requirements": [],
	  "requiredContext": "cobblemon:rock_gem"
	},
	{
      "id": "arceus_ghost",
      "variant": "item_interact",
      "result": "arceus multitype=ghost",
      "consumeHeldItem": false,
      "learnableMoves": [],
      "requirements": [],
	  "requiredContext": "cobblemon:ghost_gem"
	},
	{
      "id": "arceus_steel",
      "variant": "item_interact",
      "result": "arceus multitype=steel",
      "consumeHeldItem": false,
      "learnableMoves": [],
      "requirements": [],
	  "requiredContext": "cobblemon:steel_gem"
	}
      ],
      "battleOnly": false
    },
    {
      "name": "Dark",
      "primaryType": "dark",
      "maleRatio": -1,
      "height": 32,
      "weight": 3200,
      "pokedex": [
        "cobblemon.species.arceus-dark.desc"
      ],
      "labels": [
        "gen4",
        "mythical"
      ],
      "aspects": [
        "dark-plate"
      ],
      "evolutions": [
    {
      "id": "arceus_normal",
      "variant": "item_interact",
      "result": "arceus multitype=normal",
      "consumeHeldItem": false,
      "learnableMoves": [],
      "requirements": [],
	  "requiredContext": "cobblemon:normal_gem"
    },
    {
	  "id": "arceus_fire",
	  "variant": "item_interact",
	  "result": "arceus multitype=fire",
	  "consumeHeldItem": false,
	  "learnableMoves": [],
	  "requirements": [],
	  "requiredContext": "cobblemon:fire_gem"
	},
	{
	  "id": "arceus_water",
	  "variant": "item_interact",
	  "result": "arceus multitype=water",
	  "consumeHeldItem": false,
	  "learnableMoves": [],
	  "requirements": [],
	  "requiredContext": "cobblemon:water_gem"
	},
	{
	  "id": "arceus_grass",
	  "variant": "item_interact",
	  "result": "arceus multitype=grass",
	  "consumeHeldItem": false,
	  "learnableMoves": [],
	  "requirements": [],
	  "requiredContext": "cobblemon:grass_gem"
	},
	{
      "id": "arceus_electric",
      "variant": "item_interact",
      "result": "arceus multitype=electric",
      "consumeHeldItem": false,
      "learnableMoves": [],
      "requirements": [],
	  "requiredContext": "cobblemon:electric_gem"
	},
	{
      "id": "arceus_ice",
      "variant": "item_interact",
      "result": "arceus multitype=ice",
      "consumeHeldItem": false,
      "learnableMoves": [],
      "requirements": [],
	  "requiredContext": "cobblemon:ice_gem"
	},
	{
      "id": "arceus_fighting",
      "variant": "item_interact",
      "result": "arceus multitype=fighting",
      "consumeHeldItem": false,
      "learnableMoves": [],
      "requirements": [],
	  "requiredContext": "cobblemon:fighting_gem"
	},  
	{
      "id": "arceus_fairy",
      "variant": "item_interact",
      "result": "arceus multitype=fairy",
      "consumeHeldItem": false,
      "learnableMoves": [],
      "requirements": [],
	  "requiredContext": "cobblemon:fairy_gem"
	},
	{
      "id": "arceus_poison",
      "variant": "item_interact",
      "result": "arceus multitype=poison",
      "consumeHeldItem": false,
      "learnableMoves": [],
      "requirements": [],
	  "requiredContext": "cobblemon:poison_gem"
	},
	{
      "id": "arceus_ground",
      "variant": "item_interact",
      "result": "arceus multitype=ground",
      "consumeHeldItem": false,
      "learnableMoves": [],
      "requirements": [],
	  "requiredContext": "cobblemon:ground_gem"
	},
	{
      "id": "arceus_flying",
      "variant": "item_interact",
      "result": "arceus multitype=flying",
      "consumeHeldItem": false,
      "learnableMoves": [],
      "requirements": [],
	  "requiredContext": "cobblemon:flying_gem"
	},
	{
      "id": "arceus_psychic",
      "variant": "item_interact",
      "result": "arceus multitype=psychic",
      "consumeHeldItem": false,
      "learnableMoves": [],
      "requirements": [],
	  "requiredContext": "cobblemon:psychic_gem"
	},
	{
      "id": "arceus_bug",
      "variant": "item_interact",
      "result": "arceus multitype=bug",
      "consumeHeldItem": false,
      "learnableMoves": [],
      "requirements": [],
	  "requiredContext": "cobblemon:bug_gem"
	},
	{
      "id": "arceus_rock",
      "variant": "item_interact",
      "result": "arceus multitype=rock",
      "consumeHeldItem": false,
      "learnableMoves": [],
      "requirements": [],
	  "requiredContext": "cobblemon:rock_gem"
	},
	{
      "id": "arceus_ghost",
      "variant": "item_interact",
      "result": "arceus multitype=ghost",
      "consumeHeldItem": false,
      "learnableMoves": [],
      "requirements": [],
	  "requiredContext": "cobblemon:ghost_gem"
	},
	{
      "id": "arceus_dragon",
      "variant": "item_interact",
      "result": "arceus multitype=dragon",
      "consumeHeldItem": false,
      "learnableMoves": [],
      "requirements": [],
	  "requiredContext": "cobblemon:dragon_gem"
	},
	{
      "id": "arceus_steel",
      "variant": "item_interact",
      "result": "arceus multitype=steel",
      "consumeHeldItem": false,
      "learnableMoves": [],
      "requirements": [],
	  "requiredContext": "cobblemon:steel_gem"
	}
      ],
      "battleOnly": false
    },
    {
      "name": "Fairy",
      "primaryType": "fairy",
      "maleRatio": -1,
      "height": 32,
      "weight": 3200,
      "pokedex": [
        "cobblemon.species.arceus-fairy.desc"
      ],
      "labels": [
        "gen6",
        "mythical"
      ],
      "aspects": [
        "fairy-plate"
      ],
      "evolutions": [
    {
      "id": "arceus_normal",
      "variant": "item_interact",
      "result": "arceus multitype=normal",
      "consumeHeldItem": false,
      "learnableMoves": [],
      "requirements": [],
	  "requiredContext": "cobblemon:normal_gem"
    },
	{
      "id": "arceus_dark",
      "variant": "item_interact",
      "result": "arceus multitype=dark",
      "consumeHeldItem": false,
      "learnableMoves": [],
      "requirements": [],
	  "requiredContext": "cobblemon:dark_gem"
    },
    {
	  "id": "arceus_fire",
	  "variant": "item_interact",
	  "result": "arceus multitype=fire",
	  "consumeHeldItem": false,
	  "learnableMoves": [],
	  "requirements": [],
	  "requiredContext": "cobblemon:fire_gem"
	},
	{
	  "id": "arceus_water",
	  "variant": "item_interact",
	  "result": "arceus multitype=water",
	  "consumeHeldItem": false,
	  "learnableMoves": [],
	  "requirements": [],
	  "requiredContext": "cobblemon:water_gem"
	},
	{
	  "id": "arceus_grass",
	  "variant": "item_interact",
	  "result": "arceus multitype=grass",
	  "consumeHeldItem": false,
	  "learnableMoves": [],
	  "requirements": [],
	  "requiredContext": "cobblemon:grass_gem"
	},
	{
      "id": "arceus_electric",
      "variant": "item_interact",
      "result": "arceus multitype=electric",
      "consumeHeldItem": false,
      "learnableMoves": [],
      "requirements": [],
	  "requiredContext": "cobblemon:electric_gem"
	},
	{
      "id": "arceus_ice",
      "variant": "item_interact",
      "result": "arceus multitype=ice",
      "consumeHeldItem": false,
      "learnableMoves": [],
      "requirements": [],
	  "requiredContext": "cobblemon:ice_gem"
	},
	{
      "id": "arceus_fighting",
      "variant": "item_interact",
      "result": "arceus multitype=fighting",
      "consumeHeldItem": false,
      "learnableMoves": [],
      "requirements": [],
	  "requiredContext": "cobblemon:fighting_gem"
	},  
	{
      "id": "arceus_poison",
      "variant": "item_interact",
      "result": "arceus multitype=poison",
      "consumeHeldItem": false,
      "learnableMoves": [],
      "requirements": [],
	  "requiredContext": "cobblemon:poison_gem"
	},
	{
      "id": "arceus_ground",
      "variant": "item_interact",
      "result": "arceus multitype=ground",
      "consumeHeldItem": false,
      "learnableMoves": [],
      "requirements": [],
	  "requiredContext": "cobblemon:ground_gem"
	},
	{
      "id": "arceus_flying",
      "variant": "item_interact",
      "result": "arceus multitype=flying",
      "consumeHeldItem": false,
      "learnableMoves": [],
      "requirements": [],
	  "requiredContext": "cobblemon:flying_gem"
	},
	{
      "id": "arceus_psychic",
      "variant": "item_interact",
      "result": "arceus multitype=psychic",
      "consumeHeldItem": false,
      "learnableMoves": [],
      "requirements": [],
	  "requiredContext": "cobblemon:psychic_gem"
	},
	{
      "id": "arceus_bug",
      "variant": "item_interact",
      "result": "arceus multitype=bug",
      "consumeHeldItem": false,
      "learnableMoves": [],
      "requirements": [],
	  "requiredContext": "cobblemon:bug_gem"
	},
	{
      "id": "arceus_rock",
      "variant": "item_interact",
      "result": "arceus multitype=rock",
      "consumeHeldItem": false,
      "learnableMoves": [],
      "requirements": [],
	  "requiredContext": "cobblemon:rock_gem"
	},
	{
      "id": "arceus_ghost",
      "variant": "item_interact",
      "result": "arceus multitype=ghost",
      "consumeHeldItem": false,
      "learnableMoves": [],
      "requirements": [],
	  "requiredContext": "cobblemon:ghost_gem"
	},
	{
      "id": "arceus_dragon",
      "variant": "item_interact",
      "result": "arceus multitype=dragon",
      "consumeHeldItem": false,
      "learnableMoves": [],
      "requirements": [],
	  "requiredContext": "cobblemon:dragon_gem"
	},
	{
      "id": "arceus_steel",
      "variant": "item_interact",
      "result": "arceus multitype=steel",
      "consumeHeldItem": false,
      "learnableMoves": [],
      "requirements": [],
	  "requiredContext": "cobblemon:steel_gem"
	}
      ],
      "battleOnly": false
    }
  ]
}