{
  "implemented": true,
  "name": "Magearna",
  "nationalPokedexNumber": 801,
  "primaryType": "steel",
  "secondaryType": "fairy",
  "abilities": [
    "soulheart"
  ],
  "baseStats": {
    "hp": 80,
    "attack": 95,
    "defence": 115,
    "special_attack": 130,
    "special_defence": 115,
    "speed": 65
  },
  "catchRate": 3,
  "maleRatio": -1,
  "shoulderMountable": false,
  "features": ["original"],
  "forms": [
    {
      "name": "Original",
      "primaryType": "steel",
      "secondaryType": "fairy",
      "abilities": [
        "soulheart"
      ],
      "baseStats": {
        "hp": 80,
        "attack": 95,
        "defence": 115,
        "special_attack": 130,
        "special_defence": 115,
        "speed": 65
      },
      "catchRate": 3,
      "maleRatio": -1,
      "baseExperienceYield": 300,
      "baseFriendship": 0,
      "evYield": {
        "hp": 0,
        "attack": 0,
        "defence": 0,
        "special_attack": 3,
        "special_defence": 0,
        "speed": 0
      },
      "experienceGroup": "slow",
      "eggCycles": 120,
      "eggGroups": [
        "undiscovered"
      ],
      "moves": [
        "1:gyroball",
        "1:helpinghand",
        "6:defensecurl",
        "12:rollout",
        "18:irondefense",
        "24:gearup",
        "24:magneticflux",
        "30:psybeam",
        "36:aurorabeam",
        "42:lockon",
        "42:mindreader",
        "48:shiftgear",
        "54:craftyshield",
        "54:trick",
        "60:ironhead",
        "66:aurasphere",
        "72:flashcannon",
        "78:painsplit",
        "84:zapcannon",
        "90:fleurcannon",
        "tm:agility",
        "tm:aurasphere",
        "tm:batonpass",
        "tm:bodyslam",
        "tm:brickbreak",
        "tm:calmmind",
        "tm:chargebeam",
        "tm:confuseray",
        "tm:dazzlinggleam",
        "tm:disarmingvoice",
        "tm:drainingkiss",
        "tm:eerieimpulse",
        "tm:electroball",
        "tm:electroweb",
        "tm:encore",
        "tm:endure",
        "tm:energyball",
        "tm:facade",
        "tm:falseswipe",
        "tm:flashcannon",
        "tm:focusblast",
        "tm:gigaimpact",
        "tm:grassknot",
        "tm:gravity",
        "tm:guardswap",
        "tm:gyroball",
        "tm:heavyslam",
        "tm:helpinghand",
        "tm:hyperbeam",
        "tm:icebeam",
        "tm:icespinner",
        "tm:imprison",
        "tm:irondefense",
        "tm:ironhead",
        "tm:lightscreen",
        "tm:metalsound",
        "tm:mistyexplosion",
        "tm:mistyterrain",
        "tm:painsplit",
        "tm:playrough",
        "tm:powerswap",
        "tm:protect",
        "tm:psybeam",
        "tm:psychic",
        "tm:psyshock",
        "tm:reflect",
        "tm:rest",
        "tm:round",
        "tm:selfdestruct",
        "tm:shadowball",
        "tm:skillswap",
        "tm:sleeptalk",
        "tm:snore",
        "tm:snowscape",
        "tm:solarbeam",
        "tm:speedswap",
        "tm:spikes",
        "tm:steelbeam",
        "tm:storedpower",
        "tm:substitute",
        "tm:sunnyday",
        "tm:swift",
        "tm:takedown",
        "tm:terablast",
        "tm:thunderbolt",
        "tm:thunderwave",
        "tm:triattack",
        "tm:trick",
        "tm:trickroom",
        "tm:voltswitch",
        "tm:zenheadbutt",
        "tutor:defensecurl",
        "tutor:flashcannon",
        "tutor:fleurcannon",
        "tutor:mistyexplosion",
        "tutor:rest",
        "tutor:steelbeam",
        "tutor:steelroller"
      ],
      "labels": [
        "gen7",
        "mythical",
        "legendary"
      ],
      "aspects": [
        "original"
      ],
      "height": 10,
      "weight": 805,
      "cannotDynamax": false,
      "battleOnly": false,
      "behaviour": {
      "moving": {
      "canLook": true,
      "walk": {
        "canWalk": true,
        "walkSpeed": 0.20,
        "avoidsLand": false
      },
      "swim": {
              "swimSpeed": 0.10,
              "canSwimInWater": false,
              "canBreatheUnderwater": false
          },
      "fly": {
       "canFly": false
     }
      },
      "resting": {
        "canSleep": false,
        "depth": "normal",
        "light": "4-10"
      },
      "baseScale": 0.76,
      "hitbox": {
        "width": 0.8,
        "height": 1.4,
        "fixed": false
      }
    }
    }
  ],
  "baseExperienceYield": 300,
  "experienceGroup": "slow",
  "eggCycles": 120,
  "eggGroups": [
    "undiscovered"
  ],
  "moves": [
    "1:gyroball",
    "1:helpinghand",
    "1:sonicboom",
    "6:defensecurl",
    "9:luckychant",
    "12:rollout",
    "18:irondefense",
    "24:gearup",
    "24:magneticflux",
    "25:mirrorshot",
    "30:psybeam",
    "36:aurorabeam",
    "42:lockon",
    "42:mindreader",
    "48:shiftgear",
    "54:craftyshield",
    "54:trick",
    "60:ironhead",
    "66:aurasphere",
    "72:flashcannon",
    "73:synchronoise",
    "78:painsplit",
    "84:zapcannon",
    "89:heartswap",
    "90:fleurcannon",
    "97:trumpcard",
    "tm:agility",
    "tm:aurasphere",
    "tm:batonpass",
    "tm:bodyslam",
    "tm:brickbreak",
    "tm:calmmind",
    "tm:chargebeam",
    "tm:confide",
    "tm:confuseray",
    "tm:dazzlinggleam",
    "tm:disarmingvoice",
    "tm:doubleteam",
    "tm:drainingkiss",
    "tm:echoedvoice",
    "tm:eerieimpulse",
    "tm:electroball",
    "tm:electroweb",
    "tm:embargo",
    "tm:encore",
    "tm:endure",
    "tm:energyball",
    "tm:explosion",
    "tm:facade",
    "tm:falseswipe",
    "tm:flashcannon",
    "tm:focusblast",
    "tm:frustration",
    "tm:gigaimpact",
    "tm:grassknot",
    "tm:gravity",
    "tm:guardswap",
    "tm:gyroball",
    "tm:heavyslam",
    "tm:helpinghand",
    "tm:hiddenpower",
    "tm:hyperbeam",
    "tm:icebeam",
    "tm:icespinner",
    "tm:imprison",
    "tm:irondefense",
    "tm:ironhead",
    "tm:lightscreen",
    "tm:metalsound",
    "tm:mistyexplosion",
    "tm:mistyterrain",
    "tm:painsplit",
    "tm:playrough",
    "tm:powerswap",
    "tm:protect",
    "tm:psybeam",
    "tm:psychic",
    "tm:psyshock",
    "tm:reflect",
    "tm:rest",
    "tm:return",
    "tm:round",
    "tm:selfdestruct",
    "tm:shadowball",
    "tm:skillswap",
    "tm:sleeptalk",
    "tm:snore",
    "tm:snowscape",
    "tm:solarbeam",
    "tm:speedswap",
    "tm:spikes",
    "tm:steelbeam",
    "tm:storedpower",
    "tm:substitute",
    "tm:sunnyday",
    "tm:swagger",
    "tm:swift",
    "tm:takedown",
    "tm:terablast",
    "tm:thunderbolt",
    "tm:thunderwave",
    "tm:triattack",
    "tm:trick",
    "tm:trickroom",
    "tm:voltswitch",
    "tm:zenheadbutt",
    "tutor:afteryou",
    "tutor:flashcannon",
    "tutor:fleurcannon",
    "tutor:healbell",
    "tutor:helpinghand",
    "tutor:irondefense",
    "tutor:ironhead",
    "tutor:lastresort",
    "tutor:luckychant",
    "tutor:magnetrise",
    "tutor:mistyexplosion",
    "tutor:painsplit",
    "tutor:shockwave",
    "tutor:signalbeam",
    "tutor:snore",
    "tutor:steelbeam",
    "tutor:steelroller",
    "tutor:zenheadbutt"
  ],
  "labels": [
    "gen7",
    "mythical",
    "legendary"
  ],
  "pokedex": [
    "cobblemon.species.magearna.desc"
  ],
  "behaviour": {
    "moving": {
      "canLook": true,
      "walk": {
        "canWalk": true,
        "walkSpeed": 0.20,
        "avoidsLand": false
      },
      "swim": {
              "swimSpeed": 0.10,
              "canSwimInWater": false,
              "canBreatheUnderwater": false
          },
    "fly": {
       "canFly": false
     }
    },
    "resting": {
      "canSleep": false,
      "depth": "normal",
      "light": "4-10"
    }
  },
  "evolutions": [],
  "baseScale": 0.76,
  "hitbox": {
    "width": 0.8,
    "height": 1.4,
    "fixed": false
  },
  "baseFriendship": 0,
  "evYield": {
    "hp": 0,
    "attack": 0,
    "defence": 0,
    "special_attack": 3,
    "special_defence": 0,
    "speed": 0
  },
  "height": 10,
  "weight": 805,
  "aspects": [],
  "cannotDynamax": false
}
