{
"implemented": true,
 "name": "yeleevee",
 "nationalPokedexNumber": 2032,
 "labels": [ "custom" ],
 "pokedex": [
   "cobblemon.species.yeleevee.desc1",
   "cobblemon.species.yeleevee.desc2"
 ],
 "height": 3,
 "weight": 65,
 "shoulderMountable": true,

"primaryType": "normal",
 
 "baseStats": {
   "hp": 95,
   "attack": 65,
   "defence": 130,
   "special_attack": 60,
   "special_defence": 110,
   "speed": 70
 },
 "catchRate": 100,
 "maleRatio": 0.5,
 "baseExperienceYield": 70,
 "experienceGroup": "medium_fast",
 "eggCycles": 35,
 "eggGroups": [
   "field"
 ],
 "baseFriendship": 70,
 "evYield": {
   "hp": 2,
   "special_attack": 1
 },
"moves": [
   "1:covet",
    "1:growl",
    "1:helpinghand",
    "1:tackle",
    "1:tailwhip",
    "5:sandattack",
    "10:quickattack",
    "15:babydolleyes",
    "20:refresh",
    "20:swift",
    "25:bite",
    "30:copycat",
    "35:batonpass",
    "40:takedown",
    "45:charm",
    "45:trumpcard",
    "50:doubleedge",
    "55:lastresort",
    "egg:captivate",
    "egg:charm",
    "egg:covet",
    "egg:curse",
    "egg:detect",
    "egg:doublekick",
    "egg:endure",
    "egg:faketears",
    "egg:flail",
    "egg:mudslap",
    "egg:naturalgift",
    "egg:storedpower",
    "egg:synchronoise",
    "egg:tickle",
    "egg:wish",
    "egg:yawn",
    "tm:alluringvoice",
    "tm:attract",
    "tm:batonpass",
    "tm:bodyslam",
    "tm:calmmind",
    "tm:captivate",
    "tm:charm",
    "tm:confide",
    "tm:curse",
    "tm:dig",
    "tm:doubleedge",
    "tm:doubleteam",
    "tm:echoedvoice",
    "tm:endure",
    "tm:facade",
    "tm:faketears",
    "tm:focusenergy",
    "tm:frustration",
    "tm:helpinghand",
    "tm:hiddenpower",
    "tm:hypervoice",
    "tm:irontail",
    "tm:mudslap",
    "tm:naturalgift",
    "tm:payday",
    "tm:protect",
    "tm:raindance",
    "tm:rest",
    "tm:retaliate",
    "tm:return",
    "tm:roar",
    "tm:round",
    "tm:secretpower",
    "tm:shadowball",
    "tm:sleeptalk",
    "tm:snore",
    "tm:storedpower",
    "tm:substitute",
    "tm:sunnyday",
    "tm:swagger",
    "tm:swift",
    "tm:takedown",
    "tm:terablast",
    "tm:toxic",
    "tm:trailblaze",
    "tm:weatherball",
    "tm:workup",
    "tutor:attract",
    "tutor:babydolleyes",
    "tutor:batonpass",
    "tutor:bide",
    "tutor:bite",
    "tutor:bodyslam",
    "tutor:celebrate",
    "tutor:charm",
    "tutor:covet",
    "tutor:curse",
    "tutor:detect",
    "tutor:dig",
    "tutor:doubleedge",
    "tutor:doublekick",
    "tutor:doubleteam",
    "tutor:echoedvoice",
    "tutor:endure",
    "tutor:facade",
    "tutor:flail",
    "tutor:focusenergy",
    "tutor:frustration",
    "tutor:growl",
    "tutor:headbutt",
    "tutor:healbell",
    "tutor:helpinghand",
    "tutor:hiddenpower",
    "tutor:hypervoice",
    "tutor:irontail",
    "tutor:laserfocus",
    "tutor:lastresort",
    "tutor:mimic",
    "tutor:mudslap",
    "tutor:payday",
    "tutor:protect",
    "tutor:quickattack",
    "tutor:rage",
    "tutor:raindance",
    "tutor:reflect",
    "tutor:rest",
    "tutor:return",
    "tutor:sandattack",
    "tutor:shadowball",
    "tutor:sing",
    "tutor:skullbash",
    "tutor:sleeptalk",
    "tutor:snore",
    "tutor:substitute",
    "tutor:sunnyday",
    "tutor:swagger",
    "tutor:swift",
    "tutor:tackle",
    "tutor:tailwhip",
    "tutor:takedown",
    "tutor:toxic",
    "tutor:trumpcard"
 ],
 "abilities": [
   "runaway",
    "adaptability",
    "h:anticipation"
 ],
 "baseScale": 0.5,
 "hitbox": {
   "width": 0.9,
   "height": 1,
   "fixed": false
 },
 "drops": {
 "amount": "2",
   "entries": [
     {
       "item": "minecraft:slimeball",
       "quantityRange": "1-2",
       "percentage": 66
     }
   ]
 },
 "behaviour": {
   "moving": {
   "canLook": true,
     "fly": {
       "canFly": false
     },          
     "swim": {
       "swimSpeed": 0.2,
       "canSwimInWater": true,
       "canBreatheUnderwater": true
     }
   }
 }
}