{
  "nationalPokedexNumber": 380,
  "name": "Latias",
  "primaryType": "dragon",
  "secondaryType": "psychic",
  "maleRatio": 0,
  "height": 14,
  "weight": 400,
  "pokedex": [
    "cobblemon.species.latias.desc"
  ],
  "labels": [
    "gen3",
    "legendary"
  ],
  "aspects": [],
  "abilities": [
    "levitate",
    "h:levitate"
  ],
  "eggGroups": [
    "undiscovered"
  ],
  "baseStats": {
    "hp": 80,
    "attack": 80,
    "defence": 90,
    "special_attack": 110,
    "special_defence": 130,
    "speed": 110
  },
  "evYield": {
    "hp": 0,
    "attack": 0,
    "defence": 0,
    "special_attack": 0,
    "special_defence": 3,
    "speed": 0
  },
  "baseExperienceYield": 300,
  "experienceGroup": "slow",
  "catchRate": 3,
  "eggCycles": 120,
  "baseFriendship": 90,
  "baseScale": 1,
  "hitbox": {
    "width": 1.6,
    "height": 1.6,
    "fixed": false
  },
  "drops": {
    "amount": 4,
    "entries": [
      {
        "item": "minecraft:feather",
        "quantityRange": "2-4"
      }
    ]
  },
  "behaviour": {
       "moving": {
           "fly": {
               "canFly": true,
               "flySpeedHorizontal": 0.7
           }
       }
   },
  "moves": [
    "1:psywave",
    "1:watersport",
    "1:refresh",
    "1:psychoshift",
    "1:charm",
    "1:storedpower",
    "5:helpinghand",
    "10:recover",
    "15:confusion",
    "20:tailwind",
    "25:dragonbreath",
    "30:wish",
    "35:mistball",
    "40:zenheadbutt",
    "45:dragonpulse",
    "50:healpulse",
    "55:reflecttype",
    "60:psychic",
    "65:guardsplit",
    "70:healingwish",
    "tm:aerialace",
    "tm:agility",
    "tm:aircutter",
    "tm:airslash",
    "tm:alluringvoice",
    "tm:allyswitch",
    "tm:aurasphere",
    "tm:batonpass",
    "tm:bodyslam",
    "tm:breakingswipe",
    "tm:bulldoze",
    "tm:calmmind",
    "tm:chargebeam",
    "tm:charm",
    "tm:chillingwater",
    "tm:covet",
    "tm:cut",
    "tm:defog",
    "tm:disarmingvoice",
    "tm:dive",
    "tm:doubleedge",
    "tm:dracometeor",
    "tm:dragoncheer",
    "tm:dragonclaw",
    "tm:dragondance",
    "tm:dragonpulse",
    "tm:drainingkiss",
    "tm:dreameater",
    "tm:dualwingbeat",
    "tm:earthquake",
    "tm:endure",
    "tm:energyball",
    "tm:facade",
    "tm:flash",
    "tm:fly",
    "tm:furycutter",
    "tm:futuresight",
    "tm:gigaimpact",
    "tm:grassknot",
    "tm:helpinghand",
    "tm:honeclaws",
    "tm:hyperbeam",
    "tm:icebeam",
    "tm:icywind",
    "tm:laserfocus",
    "tm:lastresort",
    "tm:lightscreen",
    "tm:liquidation",
    "tm:magiccoat",
    "tm:magicroom",
    "tm:mysticalfire",
    "tm:outrage",
    "tm:protect",
    "tm:psychic",
    "tm:psychocut",
    "tm:psychup",
    "tm:psyshock",
    "tm:raindance",
    "tm:reflect",
    "tm:rest",
    "tm:retaliate",
    "tm:roar",
    "tm:roleplay",
    "tm:roost",
    "tm:safeguard",
    "tm:sandstorm",
    "tm:scaleshot",
    "tm:shadowball",
    "tm:shadowclaw",
    "tm:shockwave",
    "tm:sleeptalk",
    "tm:solarbeam",
    "tm:steelwing",
    "tm:storedpower",
    "tm:substitute",
    "tm:suckerpunch",
    "tm:sunnyday",
    "tm:surf",
    "tm:swift",
    "tm:tailwind",
    "tm:takedown",
    "tm:telekinesis",
    "tm:terablast",
    "tm:thunder",
    "tm:thunderbolt",
    "tm:thunderwave",
    "tm:triattack",
    "tm:trick",
    "tm:twister",
    "tm:waterfall",
    "tm:waterpulse",
    "tm:weatherball",
    "tm:whirlpool",
    "tm:zenheadbutt",
    "tutor:aerialace",
    "tutor:aircutter",
    "tutor:allyswitch",
    "tutor:bulldoze",
    "tutor:calmmind",
    "tutor:chargebeam",
    "tutor:covet",
    "tutor:defog",
    "tutor:dive",
    "tutor:dracometeor",
    "tutor:dragonpulse",
    "tutor:dualwingbeat",
    "tutor:energyball",
    "tutor:furycutter",
    "tutor:gigaimpact",
    "tutor:helpinghand",
    "tutor:hyperbeam",
    "tutor:icebeam",
    "tutor:icywind",
    "tutor:laserfocus",
    "tutor:lastresort",
    "tutor:liquidation",
    "tutor:magiccoat",
    "tutor:magicroom",
    "tutor:mysticalfire",
    "tutor:outrage",
    "tutor:psychic",
    "tutor:psychocut",
    "tutor:rest",
    "tutor:roleplay",
    "tutor:roost",
    "tutor:scaleshot",
    "tutor:shadowball",
    "tutor:shadowclaw",
    "tutor:shockwave",
    "tutor:sleeptalk",
    "tutor:suckerpunch",
    "tutor:swift",
    "tutor:tailwind",
    "tutor:telekinesis",
    "tutor:thunderbolt",
    "tutor:trick",
    "tutor:twister",
    "tutor:waterpulse",
    "tutor:zenheadbutt"
  ],
  "evolutions": [],
  "forms": [
    {
      "name": "Mega",
      "primaryType": "dragon",
      "secondaryType": "psychic",
      "maleRatio": 0,
      "height": 18,
      "weight": 520,
      "pokedex": [
        "cobblemon.species.latias-mega.desc"
      ],
      "labels": [
        "gen6",
        "legendary",
        "mega"
      ],
      "aspects": [
        "mega"
      ],
      "baseStats": {
        "hp": 80,
        "attack": 100,
        "defence": 120,
        "special_attack": 140,
        "special_defence": 150,
        "speed": 110
      },
      "baseExperienceYield": 350,
      "dynamaxBlocked": true,
      "evolutions": [],
      "battleOnly": true
    }
  ],
  "riding": {
    "stats": {
      "SPEED": {
        "ranges": {
          "AIR": "50-100"
        }
      },
      "ACCELERATION": {
        "ranges": {
          "AIR": "50-100"
        }
      },
      "SKILL": {
        "ranges": {
          "AIR": "50-100"
        }
      },
      "JUMP": {
        "ranges": {
          "AIR": "50-100"
        }
      },
      "STAMINA": {
        "ranges": {
          "AIR": "50-100"
        }
      }
    },
    "seats": [],
    "behaviour": null
  }
}
