{
    "type": "minecraft:crafting_shaped",
    "category": "misc",
    "pattern": [
      "   ",
      "lga",
      "cje"
    ],
    "key": {
      "a": {
        "item": "mythsandlegends:plasma_tablet"
      },
      "c": {
        "item": "mythsandlegends:stone_tablet"
      },
      "l": {
        "item": "mythsandlegends:scaly_tablet"
      },
      "j": {
        "item": "mythsandlegends:ice_tablet"
      },
      "g": {
        "item": "minecraft:enchanting_table"
      },
      "e": {
        "item": "mythsandlegends:steel_tablet"
      }
    },
    "result": {
      "id": "mythsandlegends:ancient_tablet"
    }
  }
  