{
    "type": "minecraft:crafting_shaped",
    "category": "misc",
    "pattern": [
      "hgh",
      "beb",
      "aga"
    ],
    "key": {
      "g": {
        "item": "minecraft:bell"
      },
      "h": {
        "item": "cobblemon:electric_gem"
      },
      "a": {
        "item": "cobblemon:fire_gem"
      },
      "e": {
        "item": "minecraft:nether_star"
      },
      "b": {
        "item": "cobblemon:water_gem"
      }
    },
    "result": {
      "id": "mythsandlegends:clear_bell"
    }
  }
  