{
    "type": "minecraft:crafting_shaped",
    "category": "misc",
    "pattern": [
      " h ",
      "agb",
      " h "
    ],
    "key": {
      "g": {
        "item": "minecraft:echo_shard"
      },
      "h": {
        "item": "mythsandlegends:hoopa_ring"
      },
      "a": {
        "item": "mythsandlegends:rusted_sword"
      },
      "b": {
        "item": "mythsandlegends:rusted_shield"
      }
    },
    "result": {
      "id": "mythsandlegends:eternatus_core"
    }
  }
  