{
    "type": "minecraft:crafting_shaped",
    "category": "misc",
    "pattern": [
      "zhb",
      " g ",
      "alc"
    ],
    "key": {
      "a": {
        "item": "cobblemon:black_belt"
      },
      "c": {
        "item": "cobblemon:expert_belt"
      },
      "l": {
        "item": "cobblemon:focus_sash"
      },
      "g": {
        "item": "cobblemon:binding_band"
      },
      "z": {
        "item": "cobblemon:choice_band"
      },
      "h": {
        "item": "cobblemon:focus_band"
      },
      "b": {
        "item": "cobblemon:muscle_band"
      }
    },
    "result": {
      "id": "mythsandlegends:kubfus_band"
    }
  }
  