{
    "type": "minecraft:crafting_shaped",
    "category": "misc",
    "pattern": [
      "zhb",
      "egj",
      "alc"
    ],
    "key": {
      "a": {
        "item": "cobblemon:grass_gem"
      },
      "c": {
        "item": "cobblemon:fire_gem"
      },
      "l": {
        "item": "cobblemon:water_gem"
      },
      "j": {
        "item": "cobblemon:electric_gem"
      },
      "g": {
        "item": "minecraft:tinted_glass"
      },
      "e": {
        "item": "cobblemon:psychic_gem"
      },
      "z": {
        "item": "cobblemon:fighting_gem"
      },
      "h": {
        "item": "cobblemon:steel_gem"
      },
      "b": {
        "item": "cobblemon:dark_gem"
      }
    },
    "result": {
      "id": "mythsandlegends:necro_prism"
    }
  }
  