{
    "type": "minecraft:crafting_shaped",
    "category": "misc",
    "pattern": [
      "hbh",
      "aga",
      "hbh"
    ],
    "key": {
      "g": {
        "item": "minecraft:netherite_sword"
      },
      "h": {
        "item": "minecraft:oxidized_copper"
      },
      "a": {
        "item": "minecraft:golden_apple"
      },
      "b": {
        "item": "cobblemon:fairy_gem"
      }
    },
    "result": {
      "id": "mythsandlegends:rusted_sword"
    }
  }
  