{
    "type": "minecraft:crafting_shaped",
    "category": "misc",
    "pattern": [
      "hgh",
      "aez",
      "hbh"
    ],
    "key": {
      "g": {
        "item": "minecraft:heart_of_the_sea"
      },
      "h": {
        "item": "cobblemon:water_gem"
      },
      "a": {
        "item": "mythsandlegends:grassland_blade"
      },
      "z": {
        "item": "mythsandlegends:ironwill_sword"
      },
      "e": {
        "item": "minecraft:netherite_sword"
      },
      "b": {
        "item": "mythsandlegends:cavern_shield"
      }
    },
    "result": {
      "id": "mythsandlegends:sacred_sword"
    }
  }
  