{
    "type": "minecraft:crafting_shaped",
    "category": "misc",
    "pattern": [
      "zhb",
      "egj",
      "alc"
    ],
    "key": {
      "a": {
        "item": "cobblemon:charcoal_stick"
      },
      "c": {
        "item": "cobblemon:miracle_seed"
      },
      "l": {
        "item": "cobblemon:fairy_feather"
      },
      "j": {
        "item": "cobblemon:metal_coat"
      },
      "g": {
        "item": "cobblemon:never_melt_ice"
      },
      "e": {
        "item": "cobblemon:mystic_water"
      },
      "z": {
        "item": "cobblemon:cell_battery"
      },
      "h": {
        "item": "cobblemon:spell_tag"
      },
      "b": {
        "item": "cobblemon:silk_scarf"
      }
    },
    "result": {
      "id": "mythsandlegends:type_null_mask"
    }
  }
  