{
  "implemented": true,
  "nationalPokedexNumber": 894,
  "name": "Regieleki",
  "primaryType": "electric",
  "maleRatio": -1,
  "height": 12,
  "weight": 1450,
  "pokedex": [
    "cobblemon.species.regieleki.desc"
  ],
  "labels": [
    "gen8",
    "legendary"
  ],
  "aspects": [],
  "abilities": [
    "transistor",
    "h:transistor"
  ],
  "eggGroups": [
    "undiscovered"
  ],
  "baseStats": {
    "hp": 80,
    "attack": 100,
    "defence": 50,
    "special_attack": 100,
    "special_defence": 50,
    "speed": 200
  },
  "evYield": {
    "hp": 0,
    "attack": 0,
    "defence": 0,
    "special_attack": 0,
    "special_defence": 0,
    "speed": 3
  },
  "baseExperienceYield": 290,
  "experienceGroup": "slow",
  "catchRate": 3,
  "eggCycles": 120,
  "baseFriendship": 35,
  "baseScale": 1,
  "hitbox": {
    "width": 1,
    "height": 2,
    "fixed": false

  },
  "behaviour": {
       "moving": {
           "fly": {
               "canFly": true,
               "flySpeedHorizontal": 0.7
           }
       }
   },
  "moves": [
    "1:thundershock",
    "1:rapidspin",
    "6:electroweb",
    "12:ancientpower",
    "18:shockwave",
    "24:thunderwave",
    "30:extremespeed",
    "36:thundercage",
    "42:thunderbolt",
    "48:magnetrise",
    "54:thrash",
    "60:lockon",
    "66:zapcannon",
    "72:hyperbeam",
    "78:explosion",
    "tm:acrobatics",
    "tm:agility",
    "tm:ancientpower",
    "tm:assurance",
    "tm:bodyslam",
    "tm:bounce",
    "tm:charge",
    "tm:chargebeam",
    "tm:eerieimpulse",
    "tm:electricterrain",
    "tm:electroball",
    "tm:electroweb",
    "tm:endure",
    "tm:explosion",
    "tm:facade",
    "tm:gigaimpact",
    "tm:hyperbeam",
    "tm:lightscreen",
    "tm:magnetrise",
    "tm:protect",
    "tm:raindance",
    "tm:reflect",
    "tm:rest",
    "tm:risingvoltage",
    "tm:screech",
    "tm:selfdestruct",
    "tm:shockwave",
    "tm:sleeptalk",
    "tm:substitute",
    "tm:supercellslam",
    "tm:swift",
    "tm:takedown",
    "tm:terablast",
    "tm:thunder",
    "tm:thunderbolt",
    "tm:thunderwave",
    "tm:voltswitch",
    "tm:wildcharge",
    "tutor:ancientpower",
    "tutor:bounce",
    "tutor:chargebeam",
    "tutor:electroweb",
    "tutor:gigaimpact",
    "tutor:hyperbeam",
    "tutor:magnetrise",
    "tutor:rest",
    "tutor:risingvoltage",
    "tutor:shockwave",
    "tutor:sleeptalk",
    "tutor:swift",
    "tutor:thunderbolt",
    "tutor:wildcharge"
  ],
  "evolutions": []
}